index,node_id,latitude,longitude,lane_count,detector_ids,edge_length_m,speed_limit_ms,road_type,in_degree,out_degree,mean_speed_ms,total_vehicle_count,mean_occupancy,mean_flow_veh_h
0,-1044300151#1,35.06218696551808,-85.30574681508955,2,det_n1044300151s1_0_00035|det_n1044300151s1_1_00034,70.08,27.78,highway.primary,2,3,27.5681,31932,0.067,26.3866
1,-1052865256#1,35.04393958548105,-85.30346987341032,1,det_n1052865256s1_0_00050,100.21,11.18,highway.primary,4,4,11.1702,1365,0.1615,12.8566
2,-1052865561#0,35.016347364879145,-85.29302638224496,2,det_n1052865561s0_0_00040|det_n1052865561s0_1_00040,81.34,27.78,highway.trunk,3,3,27.532,109818,0.1934,76.5198
3,-1052865561#6,35.015487896503195,-85.29322984906842,2,det_n1052865561s6_0_00043|det_n1052865561s6_1_00043,87.35,27.78,highway.trunk,4,3,27.5423,107436,0.1892,74.9024
4,-1052887735#1,35.032106248394435,-85.31432237253296,2,det_n1052887735s1_0_00053|det_n1052887735s1_1_00053,107.96,15.65,highway.primary,4,4,15.5877,28910,0.1106,24.6999
5,-1052887735#5,35.03294778724193,-85.3138185373637,2,det_n1052887735s5_0_00035|det_n1052887735s5_1_00035,71.25,15.65,highway.primary,4,3,15.5786,24750,0.1014,22.6381
6,-1068052368#4,35.01749558801463,-85.27990389096179,1,det_n1068052368s4_0_00041,83.45,27.78,highway.secondary,3,4,27.0949,78467,0.5584,108.4876
7,-1068052368#5,35.01648852654512,-85.2804366934075,1,det_n1068052368s5_0_00070,141.58,27.78,highway.secondary,3,3,27.1123,106451,0.7549,147.0132
8,-1094664762#2,35.055450612951496,-85.30699013076067,2,det_n1094664762s2_0_00026|det_n1094664762s2_1_00026,53.78,13.41,highway.secondary,2,2,13.396,6002,0.073,13.9528
9,-1094664806#3,35.011765337476135,-85.32655714420049,1,det_n1094664806s3_0_00119,239.98,27.78,highway.secondary,3,4,27.7044,10792,0.106,20.9676
10,-110888038#1,35.02486646163168,-85.27662422411645,2,det_n110888038s1_0_00047|det_n110888038s1_1_00047,94.17,27.78,highway.primary,3,4,27.3144,114642,0.203,79.5761
11,-110888038#3,35.02429351817646,-85.2750888086573,2,det_n110888038s3_0_00061|det_n110888038s3_1_00061,122.11,27.78,highway.primary,3,3,27.6633,24756,0.0571,22.5119
12,-110888038#4,35.02398378309288,-85.2741658310412,2,det_n110888038s4_0_00015|det_n110888038s4_1_00015,30.92,27.78,highway.primary,3,3,27.7351,13916,0.0445,17.5453
13,-110888038#5,35.023624988437426,-85.27328711302272,2,det_n110888038s5_0_00059|det_n110888038s5_1_00059,119.13,27.78,highway.primary,3,3,27.7509,11544,0.0418,16.4903
14,-110888038#6,35.022809475680226,-85.27100723976471,2,det_n110888038s6_0_00153|det_n110888038s6_1_00152,305.99,27.78,highway.primary,1,3,27.7492,3986,0.0336,13.2279
15,-110888061#3,35.01428023359099,-85.32596870969459,2,det_n110888061s3_0_00073|det_n110888061s3_1_00073,147.47,27.78,highway.primary,2,3,27.5902,83822,0.1483,58.7346
16,-111563738#2,35.045291904597825,-85.30931433685232,3,det_n111563738s2_0_00041|det_n111563738s2_1_00041|det_n111563738s2_2_00041,83.92,13.41,highway.secondary,4,4,13.4109,9774,0.0499,14.3254
17,-111563746,35.0457428127973,-85.30992282766888,2,det_n111563746_0_00036|det_n111563746_1_00035,72.0,13.41,highway.primary,4,4,13.2617,131442,0.4776,90.9904
18,-111563749#1,35.04569983619015,-85.31107282236201,2,det_n111563749s1_0_00041|det_n111563749s1_1_00041,83.59,13.41,highway.primary,4,4,13.2761,140828,0.5107,97.4666
19,-1122128155,35.0403346966167,-85.28670148505259,2,det_n1122128155_0_00243|det_n1122128155_1_00243,486.34,15.65,highway.secondary,3,3,15.527,40466,0.1393,30.9176
20,-1122128156#0,35.039168979161886,-85.28353335386063,2,det_n1122128156s0_0_00059|det_n1122128156s0_1_00059,118.16,15.65,highway.secondary,3,4,15.5405,37002,0.1306,29.0505
21,-1122128157#3,35.03866716169522,-85.28218031572719,2,det_n1122128157s3_0_00061|det_n1122128157s3_1_00061,122.93,15.65,highway.secondary,2,4,15.605,24396,0.0998,22.2808
22,-1155817285#1,35.064416958753775,-85.31193159274339,3,det_n1155817285s1_0_00012|det_n1155817285s1_1_00012|det_n1155817285s1_2_00012,25.84,15.65,highway.secondary,1,3,15.6451,0,0.0394,13.213
23,-1156049982#1,35.062605839755584,-85.31274790608879,2,det_n1156049982s1_0_00248|det_n1156049982s1_1_00248,497.41,13.41,highway.primary,3,4,13.3395,34202,0.1425,27.184
24,-1156049982#4,35.061857842695616,-85.31632179410677,2,det_n1156049982s4_0_00073|det_n1156049982s4_1_00073,146.45,13.41,highway.primary,3,3,13.3604,32738,0.1395,26.6431
25,-1156049984#7,35.06142365912792,-85.31812869770876,2,det_n1156049984s7_0_00084|det_n1156049984s7_1_00084,168.01,13.41,highway.primary,3,3,13.4107,12016,0.0862,16.4837
26,-1156055587#1,35.06332809021719,-85.30989429680157,2,det_n1156055587s1_0_00031|det_n1156055587s1_1_00031,62.18,15.65,highway.primary,4,2,15.5782,36486,0.1297,28.9122
27,-1156059511#1,35.062412363249216,-85.30639175847458,2,det_n1156059511s1_0_00014|det_n1156059511s1_1_00014,29.22,27.78,highway.primary,3,3,27.5912,28496,0.0629,24.768
28,-1156059512#3,35.06150477902563,-85.30408533908582,2,det_n1156059512s3_0_00032|det_n1156059512s3_1_00032,64.49,27.78,highway.primary,3,2,27.4865,53744,0.0995,39.1811
29,-1156129099,35.04131391695759,-85.28943012277247,2,det_n1156129099_0_00014|det_n1156129099_1_00014,28.05,15.65,highway.secondary,3,3,15.5666,40214,0.1396,31.1119
30,-1156129108#3,35.0422446230923,-85.291810142503,2,det_n1156129108s3_0_00079|det_n1156129108s3_1_00079,159.34,11.18,highway.secondary,3,4,11.1403,2314,0.079,12.5493
31,-1156129109#3,35.04269278689764,-85.29300525301737,1,det_n1156129109s3_0_00025,51.53,11.18,highway.secondary,3,3,11.1638,1127,0.1598,12.7209
32,-1156129110#3,35.043607193148766,-85.29542813460377,1,det_n1156129110s3_0_00030,61.49,11.18,highway.secondary,3,3,11.1635,1374,0.1629,12.9788
33,-1156129111,35.04384424122987,-85.29605785297039,1,det_n1156129111_0_00018,36.1,11.18,highway.secondary,3,3,11.176,1502,0.1659,13.2219
34,-1156129112#3,35.04416641277993,-85.29691908358613,1,det_n1156129112s3_0_00053,107.74,11.18,highway.secondary,2,3,11.1806,1124,0.1555,12.3928
35,-1156129114#2,35.04640182110969,-85.30289457214512,1,det_n1156129114s2_0_00122,244.05,11.18,highway.secondary,4,4,11.1164,583,0.1524,12.0829
36,-1156129116#1,35.047148694457206,-85.30488840153524,1,det_n1156129116s1_0_00063,126.08,11.18,highway.secondary,4,4,11.0923,409,0.1517,12.0
37,-1156129118#2,35.04753878617403,-85.3059220015831,1,det_n1156129118s2_0_00023,47.47,11.18,highway.secondary,3,4,11.193,1368,0.1631,13.0123
38,-1156129121,35.04946243964916,-85.30611998686706,2,det_n1156129121_0_00022|det_n1156129121_1_00022,45.61,13.41,highway.primary,3,2,13.2699,173994,0.63,120.2136
39,-1156129122,35.049868877327455,-85.3059299050598,2,det_n1156129122_0_00013|det_n1156129122_1_00013,27.69,13.41,highway.primary,3,3,13.2729,182970,0.6621,126.3817
40,-1156343693#0,35.04672776130794,-85.30767643926886,2,det_n1156343693s0_0_00039|det_n1156343693s0_1_00038,78.0,13.41,highway.primary,3,3,13.2803,183466,0.6638,126.7767
41,-1156343693#1,35.04614803701006,-85.30800614262361,2,det_n1156343693s1_0_00017|det_n1156343693s1_1_00017,35.12,13.41,highway.primary,2,3,13.2827,184746,0.6684,127.6963
42,-1156343695#2,35.04864235659348,-85.30662317695729,2,det_n1156343695s2_0_00022|det_n1156343695s2_1_00022,45.61,13.41,highway.primary,3,3,13.2746,179920,0.6511,124.2876
43,-1156343739#1,35.040421841018805,-85.31879865609311,2,det_n1156343739s1_0_00022|det_n1156343739s1_1_00022,45.62,13.41,highway.secondary,3,4,13.2799,51668,0.1997,37.9866
44,-1156343740#1,35.03963240779497,-85.31498975637011,1,det_n1156343740s1_0_00057,114.29,27.78,highway.secondary,4,3,27.4765,40153,0.2858,56.3227
45,-1156343747#2,35.03857306058364,-85.31389160364813,1,det_n1156343747s2_0_00040,81.22,13.41,highway.primary,3,4,13.3476,9808,0.2101,20.0347
46,-1156343747#3,35.03892377673916,-85.31483683193403,1,det_n1156343747s3_0_00039,79.18,13.41,highway.primary,4,3,13.3435,9732,0.2094,19.9798
47,-1156343756#1,35.0387309600498,-85.31070665767191,2,det_n1156343756s1_0_00126|det_n1156343756s1_1_00126,253.16,13.41,highway.primary,4,4,13.4212,6648,0.0733,14.05
48,-1156343761,35.04023087269449,-85.30789465825859,2,det_n1156343761_0_00053|det_n1156343761_1_00053,106.36,13.41,highway.secondary,4,3,13.3043,63330,0.2376,45.3455
49,-1156343762#5,35.04076138452096,-85.30957376627202,2,det_n1156343762s5_0_00105|det_n1156343762s5_1_00105,211.25,13.41,highway.primary,4,4,13.4003,5058,0.071,13.5894
50,-1156343805#0,35.04142224725943,-85.29652139524792,1,det_n1156343805s0_0_00022,45.16,11.18,highway.primary,3,4,11.1866,1638,0.1653,13.1892
51,-1156343805#1,35.041659846673596,-85.2971576645978,1,det_n1156343805s1_0_00026,53.51,11.18,highway.primary,3,3,11.247,1533,0.1635,13.1196
52,-1156343807,35.04105350521594,-85.29555161831252,1,det_n1156343807_0_00060,120.85,11.18,highway.primary,4,4,11.1855,1757,0.1627,12.9674
53,-1156343823#3,35.04149129717243,-85.29119619191006,1,det_n1156343823s3_0_00044,88.05,13.41,highway.secondary,4,4,13.2508,39411,0.5838,55.4409
54,-1156343826,35.04087631768211,-85.2915309723543,1,det_n1156343826_0_00016,32.61,13.41,highway.secondary,4,4,13.2365,43127,0.6364,60.3988
55,-1156343845,35.047750071417404,-85.3094335163856,2,det_n1156343845_0_00063|det_n1156343845_1_00063,126.52,13.41,highway.secondary,3,3,13.3822,7914,0.0763,14.5817
56,-1156343857#3,35.04499093914981,-85.30625101184717,1,det_n1156343857s3_0_00060,120.91,11.18,highway.primary,4,4,11.1966,1260,0.1584,12.6325
57,-1156610943#1,35.03644911066893,-85.30732885045887,2,det_n1156610943s1_0_00021|det_n1156610943s1_1_00021,43.85,13.41,highway.secondary,4,3,13.268,105950,0.387,73.7464
58,-1156610944#0,35.036318389347436,-85.30781706205947,1,det_n1156610944s0_0_00035,70.51,13.41,highway.primary,3,4,13.3182,12549,0.2399,22.8179
59,-1156610944#1,35.03666596574958,-85.30875345617632,1,det_n1156610944s1_0_00044,88.15,13.41,highway.primary,4,3,13.337,11389,0.2272,21.6455
60,-1156610947#1,35.03740260588389,-85.31073747714326,1,det_n1156610947s1_0_00040,80.38,13.41,highway.primary,4,4,13.3478,11155,0.2236,21.3275
61,-1156610949#2,35.036338053841604,-85.31193643874303,2,det_n1156610949s2_0_00042|det_n1156610949s2_1_00042,84.89,15.65,highway.primary,3,4,15.6271,8508,0.0673,15.0168
62,-1156610949#4,35.03718704224616,-85.31151290168461,2,det_n1156610949s4_0_00045|det_n1156610949s4_1_00045,90.27,15.65,highway.primary,4,3,15.6377,8344,0.067,14.9558
63,-1156610955#1,35.035506066945324,-85.31239774791634,2,det_n1156610955s1_0_00044|det_n1156610955s1_1_00044,88.92,15.65,highway.primary,4,4,15.6335,8512,0.0674,15.0519
64,-1156610973,35.03385577503982,-85.31334654884186,2,det_n1156610973_0_00042|det_n1156610973_1_00042,85.76,15.65,highway.primary,4,4,15.602,11750,0.0739,16.4723
65,-1156615603#1,35.03550900582646,-85.30561304800338,2,det_n1156615603s1_0_00021|det_n1156615603s1_1_00021,43.11,13.41,highway.primary,4,3,13.2309,151990,0.5546,105.467
66,-1156615630,35.03313007043488,-85.29928689981908,2,det_n1156615630_0_00028|det_n1156615630_1_00028,57.86,13.41,highway.primary,3,3,13.281,147176,0.535,102.1502
67,-1156615631,35.0333476269762,-85.29985993008611,2,det_n1156615631_0_00014|det_n1156615631_1_00014,28.52,13.41,highway.primary,3,3,13.2795,147280,0.5354,102.2208
68,-1156615633,35.03364679151502,-85.30073618328927,2,det_n1156615633_0_00028|det_n1156615633_1_00028,56.35,13.41,highway.primary,3,3,13.282,148140,0.5385,102.8451
69,-1156615639#3,35.034110495582745,-85.30194831378874,2,det_n1156615639s3_0_00054|det_n1156615639s3_1_00054,109.04,13.41,highway.primary,3,3,13.2801,149022,0.5417,103.4458
70,-1156615642#2,35.03462508174079,-85.30319842609396,2,det_n1156615642s2_0_00058|det_n1156615642s2_1_00058,117.08,13.41,highway.primary,3,3,13.2238,145428,0.5313,100.9617
71,-1156615643#1,35.03497715868787,-85.30412390784639,2,det_n1156615643s1_0_00020|det_n1156615643s1_1_00020,40.19,13.41,highway.primary,3,3,13.2409,145708,0.5315,101.1284
72,-1156953260,35.040080296724916,-85.32021557388408,3,det_n1156953260_0_00079|det_n1156953260_1_00079|det_n1156953260_2_00079,159.56,17.88,highway.secondary,2,4,17.7948,40257,0.0623,23.7765
73,-1156995271#1,35.06283405098367,-85.3091372734454,3,det_n1156995271s1_0_00048|det_n1156995271s1_1_00048|det_n1156995271s1_2_00048,97.83,15.65,highway.primary,2,4,15.5744,54801,0.0862,28.8037
74,-1156995273#1,35.061705214305036,-85.30460935124798,3,det_n1156995273s1_0_00012|det_n1156995273s1_1_00012|det_n1156995273s1_2_00012,24.73,27.78,highway.primary,2,4,27.5028,80616,0.0664,39.2498
75,-1156995281,35.06477324493192,-85.29587240431049,2,det_n1156995281_0_00062|det_n1156995281_1_00062,124.7,27.78,highway.primary,1,3,27.7986,0,0.0338,13.268
76,-1156995282,35.06366944503147,-85.29793003418288,2,det_n1156995282_0_00036|det_n1156995282_1_00036,72.86,27.78,highway.primary,3,3,27.669,26356,0.0593,23.42
77,-1156995283,35.06323219424826,-85.2986309176824,2,det_n1156995283_0_00029|det_n1156995283_1_00029,59.06,27.78,highway.primary,3,3,27.5442,93350,0.1649,65.2043
78,-1157035024#0,35.0560231851694,-85.31245697132434,1,det_n1157035024s0_0_00043,87.03,13.41,highway.secondary,3,3,13.4194,2091,0.141,13.4719
79,-1157669580,35.05251028757803,-85.30445270500088,2,det_n1157669580_0_00013|det_n1157669580_1_00013,26.52,27.78,highway.primary,4,2,27.3,173194,0.3054,119.77
80,-1157770307#2,35.058673474210835,-85.30920619105747,2,det_n1157770307s2_0_00325|det_n1157770307s2_1_00325,651.92,13.41,highway.secondary,3,2,13.3885,3586,0.0686,13.0876
81,-115793790#1,35.076165730548944,-85.26698208234545,2,det_n115793790s1_0_01365|det_n115793790s1_1_01365,2730.9,22.35,highway.primary,3,1,22.3893,4090,0.0419,13.3163
82,-115793790#2,35.06414300394349,-85.27358274475483,2,det_n115793790s2_0_00083|det_n115793790s2_1_00083,166.78,22.35,highway.primary,3,3,22.3733,5352,0.0439,13.9503
83,-115793790#7,35.061705638080966,-85.27411190189719,2,det_n115793790s7_0_00178|det_n115793790s7_1_00178,357.43,22.35,highway.primary,3,3,22.3496,8096,0.0467,14.867
84,-115807524#12,35.02806962435761,-85.3165120964588,2,det_n115807524s12_0_00046|det_n115807524s12_1_00046,92.09,15.65,highway.primary,4,4,15.5201,63636,0.2034,45.319
85,-115807524#2,35.025306848833544,-85.31804414369446,2,det_n115807524s2_0_00050|det_n115807524s2_1_00050,101.79,15.65,highway.primary,4,4,15.535,58598,0.1895,42.2163
86,-115807524#8,35.026708386193164,-85.31726703869317,2,det_n115807524s8_0_00105|det_n115807524s8_1_00105,211.0,15.65,highway.primary,4,4,15.5196,61728,0.1982,44.1059
87,-115807526#5,35.01633993566538,-85.32301102659916,2,det_n115807526s5_0_00074|det_n115807526s5_1_00074,149.3,27.78,highway.primary,3,3,27.4854,101540,0.1792,70.695
88,-115807526#7,35.01733125790782,-85.32246562114703,2,det_n115807526s7_0_00031|det_n115807526s7_1_00031,63.55,27.78,highway.primary,4,3,27.5272,104546,0.1841,72.7515
89,-1158340685#0,35.02038305155638,-85.38723927876627,1,det_n1158340685s0_0_00202,405.76,20.12,highway.primary,3,2,20.0446,13178,0.1634,23.4033
90,-1158340685#1,35.02248939846842,-85.38812551679007,1,det_n1158340685s1_0_00030,61.27,20.12,highway.primary,3,3,20.0603,10094,0.1434,20.5389
91,-1158340685#2,35.02304693696567,-85.38863552622159,1,det_n1158340685s2_0_00032,64.15,20.12,highway.primary,3,3,20.0564,8466,0.1321,18.9111
92,-1158340685#4,35.02388399409024,-85.39172118138788,1,det_n1158340685s4_0_00256,512.66,20.12,highway.primary,3,3,20.068,6234,0.1164,16.6536
93,-1158340687#0,35.02098002475339,-85.36076965839696,2,det_n1158340687s0_0_00264|det_n1158340687s0_1_00264,528.25,20.12,highway.primary,3,2,19.9592,56390,0.1416,40.5004
94,-1158340687#2,35.020446414748186,-85.36473451367156,2,det_n1158340687s2_0_00088|det_n1158340687s2_1_00088,177.58,20.12,highway.primary,4,3,19.9795,57770,0.1453,41.6136
95,-1158466953,35.0450322483134,-85.31042462238825,2,det_n1158466953_0_00015|det_n1158466953_1_00015,31.82,13.41,highway.primary,2,4,13.3651,13370,0.0906,17.2909
96,-115931295#1,35.056588146083485,-85.30895674299857,1,det_n115931295s1_0_00071,143.07,13.41,highway.secondary,2,2,13.3966,3003,0.146,13.9439
97,-1162266879#1,35.04646731674675,-85.30939641179386,2,det_n1162266879s1_0_00064|det_n1162266879s1_1_00064,129.21,13.41,highway.secondary,4,3,13.4035,4840,0.0709,13.537
98,-1163433680,35.05615553328362,-85.30757424348492,1,det_n1163433680_0_00060,121.73,13.41,highway.secondary,2,2,13.3897,2973,0.145,13.8542
99,-119784682#7,35.024404194333705,-85.39611328331368,1,det_n119784682s7_0_00134,268.43,20.12,highway.primary,3,3,20.05,6344,0.1166,16.6801
100,-119784682#8,35.02872294902968,-85.4057703537413,1,det_n119784682s8_0_00932,1864.39,20.12,highway.primary,1,3,20.1264,2039,0.0926,13.2546
101,-119784683#0,35.01376950019262,-85.32796096225917,1,det_n119784683s0_0_00027,55.75,27.78,highway.primary,3,2,27.3547,50221,0.3567,69.9237
102,-119784683#1,35.01385683385221,-85.32856428761653,1,det_n119784683s1_0_00019,39.04,27.78,highway.primary,2,3,27.2298,43059,0.3091,60.2089
103,-119994712#3,35.03218177456041,-85.29689157369988,2,det_n119994712s3_0_00019|det_n119994712s3_1_00019,39.24,13.41,highway.primary,2,4,13.2729,149484,0.5436,103.7439
104,-1203884057,35.04202116536459,-85.30987430028472,2,det_n1203884057_0_00017|det_n1203884057_1_00017,35.03,13.41,highway.primary,2,4,13.3651,9434,0.0819,15.6252
105,-1216083267#1,35.04022930746969,-85.29188277479199,1,det_n1216083267s1_0_00043,87.39,13.41,highway.secondary,4,4,13.2286,45148,0.665,63.0985
106,-1275940700#2,35.01302357507906,-85.3153238009743,1,det_n1275940700s2_0_00218,436.29,27.78,highway.secondary,3,4,27.6056,17681,0.1426,28.1507
107,-1275940700#4,35.0103382302846,-85.31678157474023,1,det_n1275940700s4_0_00093,187.79,27.78,highway.secondary,2,3,27.6265,10415,0.104,20.4998
108,-1279011387#5,35.01815441980023,-85.28024608046863,2,det_n1279011387s5_0_00049|det_n1279011387s5_1_00049,98.38,15.65,highway.primary,4,3,15.6225,5514,0.0621,13.8448
109,-1280476449#2,35.015897496778216,-85.27395925632428,2,det_n1280476449s2_0_00011|det_n1280476449s2_1_00011,23.26,15.65,highway.primary,3,3,15.5753,33546,0.1223,27.2821
110,-1282127893#10,35.0304527384825,-85.29218676601081,2,det_n1282127893s10_0_00050|det_n1282127893s10_1_00050,101.59,15.65,highway.primary,3,3,15.5071,108980,0.3406,75.8936
111,-1282127893#13,35.02996331133534,-85.2907919707515,2,det_n1282127893s13_0_00073|det_n1282127893s13_1_00073,146.95,15.65,highway.primary,4,3,15.5072,108126,0.3379,75.2781
112,-1282127893#3,35.03172146793461,-85.29558449356576,2,det_n1282127893s3_0_00059|det_n1282127893s3_1_00059,119.25,15.65,highway.primary,3,4,15.4831,115988,0.3625,80.6704
113,-1282127893#4,35.03138442704573,-85.29468159547967,2,det_n1282127893s4_0_00016|det_n1282127893s4_1_00016,33.14,15.65,highway.primary,3,3,15.4934,114750,0.3587,79.871
114,-1282127893#7,35.03109265072823,-85.29384942234557,2,det_n1282127893s7_0_00051|det_n1282127893s7_1_00051,103.12,15.65,highway.primary,3,3,15.5023,114332,0.3571,79.5704
115,-1282127893#9,35.03079627634445,-85.29299792945696,2,det_n1282127893s9_0_00018|det_n1282127893s9_1_00018,36.27,15.65,highway.primary,3,3,15.5054,114072,0.3564,79.4055
116,-1282127894#1,35.03170251951208,-85.29648604888453,1,det_n1282127894s1_0_00017,35.55,15.65,highway.secondary,4,2,15.5673,14057,0.2193,24.3779
117,-1282127896#2,35.03219406870939,-85.2962177582243,1,det_n1282127896s2_0_00017,35.88,15.65,highway.secondary,3,4,15.4227,34338,0.4412,48.7433
118,-1282127896#4,35.032930308638,-85.29582833908863,1,det_n1282127896s4_0_00054,108.53,15.65,highway.secondary,3,3,15.4551,34071,0.4356,48.2039
119,-1282127896#5,35.03371201947997,-85.29544224734073,1,det_n1282127896s5_0_00024,49.76,15.65,highway.secondary,3,3,15.4677,33971,0.4348,48.1493
120,-1282127896#7,35.03487065102285,-85.29484476964353,1,det_n1282127896s7_0_00100,200.84,15.65,highway.secondary,2,3,15.4866,33247,0.4245,47.0823
121,-136738772#2,35.02153716176678,-85.32014408029637,2,det_n136738772s2_0_00062|det_n136738772s2_1_00062,125.96,15.65,highway.primary,3,3,15.5487,54382,0.1776,39.5753
122,-139744476#1,35.03819358147106,-85.29300039801453,1,det_n139744476s1_0_00048,97.87,13.41,highway.secondary,4,4,13.282,29876,0.4496,42.7876
123,-139744478#10,35.04186388947528,-85.27454599098586,1,det_n139744478s10_0_00029,59.01,15.65,highway.secondary,3,3,15.593,7645,0.1624,18.0877
124,-139744478#11,35.041584322369296,-85.2737877751336,1,det_n139744478s11_0_00031,63.71,15.65,highway.secondary,3,3,15.6178,7019,0.1583,17.6563
125,-139744478#3,35.04345183735195,-85.27891784821243,1,det_n139744478s3_0_00091,183.05,15.65,highway.secondary,4,4,15.5354,16680,0.2431,26.983
126,-139744478#5,35.04284544476675,-85.2772533405333,1,det_n139744478s5_0_00060,120.28,15.65,highway.secondary,4,4,15.5681,14844,0.2258,25.1242
127,-139744478#6,35.042434871042836,-85.2761063675567,1,det_n139744478s6_0_00039,78.9,15.65,highway.secondary,3,4,15.5898,10734,0.189,21.0558
128,-139744478#8,35.0421352777386,-85.27527369425295,1,det_n139744478s8_0_00029,58.14,15.65,highway.secondary,3,3,15.5982,9951,0.1825,20.3395
129,-139744479#1,35.04804342822402,-85.291200340411,1,det_n139744479s1_0_00061,123.29,13.41,highway.secondary,3,4,13.1558,60514,0.8917,84.1635
130,-139744479#4,35.04734347120676,-85.28934455286631,1,det_n139744479s4_0_00110,220.41,13.41,highway.secondary,4,3,13.1992,58902,0.864,81.8582
131,-139744480#1,35.04665818872079,-85.28751797219385,1,det_n139744480s1_0_00058,116.85,15.65,highway.secondary,4,4,15.4551,25382,0.337,37.2594
132,-139746241#1,35.05172727372216,-85.30484566863215,2,det_n139746241s1_0_00046|det_n139746241s1_1_00046,92.56,27.78,highway.primary,4,4,27.4663,179120,0.3133,123.7482
133,-139746604#5,35.01890558491718,-85.28227078011219,2,det_n139746604s5_0_00139|det_n139746604s5_1_00139,278.23,15.65,highway.primary,3,3,15.6488,5160,0.0608,13.573
134,-139746608#2,35.02044759037328,-85.28644687683291,2,det_n139746608s2_0_00017|det_n139746608s2_1_00017,35.74,15.65,highway.primary,3,3,15.5854,11430,0.0735,16.3581
135,-139746608#6,35.020057064815326,-85.28537923260933,2,det_n139746608s6_0_00074|det_n139746608s6_1_00074,149.17,15.65,highway.primary,3,3,15.6188,8064,0.0677,15.0852
136,-139746608#7,35.01959447941283,-85.28415009947615,2,det_n139746608s7_0_00034|det_n139746608s7_1_00034,68.69,15.65,highway.primary,3,3,15.6214,6872,0.0653,14.5445
137,-140425772#5,35.04314015839252,-85.29419218943795,1,det_n140425772s5_0_00078,157.9,11.18,highway.secondary,3,3,11.1597,869,0.1542,12.2701
138,-1419299894,35.03818130780672,-85.28087270841702,2,det_n1419299894_0_00055|det_n1419299894_1_00055,110.07,15.65,highway.secondary,4,4,15.6006,21718,0.0943,21.0391
139,-143267708#1,35.029327254064796,-85.31585565502282,2,det_n143267708s1_0_00091|det_n143267708s1_1_00091,182.34,15.65,highway.primary,3,4,15.5437,45752,0.1532,34.129
140,-143267708#3,35.03096579709836,-85.31495209885931,2,det_n143267708s3_0_00064|det_n143267708s3_1_00064,129.31,15.65,highway.primary,3,3,15.5862,28462,0.1098,24.5077
141,-143276606#2,35.055738110628724,-85.33247693460211,1,det_n143276606s2_0_00310,621.82,27.78,highway.secondary,3,3,27.7154,429,0.0611,12.1415
142,-1447378995,35.05053204506859,-85.30555697697287,2,det_n1447378995_0_00052|det_n1447378995_1_00052,105.62,13.41,highway.primary,3,5,13.245,180012,0.653,124.353
143,-1448041097,35.04726816366607,-85.30740772023046,2,det_n1448041097_0_00013|det_n1448041097_1_00013,27.36,13.41,highway.primary,3,2,13.2797,182044,0.6585,125.7502
144,-1448041098#0,35.047919275202865,-85.30699830394765,2,det_n1448041098s0_0_00049|det_n1448041098s0_1_00049,99.85,13.41,highway.primary,3,4,13.2736,181544,0.6571,125.4153
145,-1448297880,35.053106131015376,-85.30407855903842,2,det_n1448297880_0_00052|det_n1448297880_1_00052,105.16,27.78,highway.primary,3,2,27.4574,172604,0.3022,119.3231
146,-1474311533#3,35.0448881721116,-85.28267397159703,1,det_n1474311533s3_0_00271,543.95,15.65,highway.secondary,4,3,15.5091,25516,0.3354,37.236
147,-1476345361#1,35.04410006797065,-85.27977569603965,1,det_n1476345361s1_0_00027,55.48,20.12,highway.secondary,3,4,19.9504,16230,0.1865,26.5855
148,-1476345362#2,35.04531376067205,-85.27912444554545,1,det_n1476345362s2_0_00105,210.29,20.12,highway.secondary,4,3,19.9892,15252,0.1783,25.4957
149,-1476345362#3,35.047525062638165,-85.27791326288892,1,det_n1476345362s3_0_00148,297.06,20.12,highway.secondary,3,4,20.0368,6011,0.1145,16.3639
150,-1476345362#6,35.052218867469506,-85.27494472982923,1,det_n1476345362s6_0_00427,854.31,20.12,highway.secondary,1,3,20.0023,2045,0.0934,13.3442
151,-1482316314,35.021739537846784,-85.29201185783094,1,det_n1482316314_0_00051,102.29,27.78,highway.secondary,3,4,27.586,9554,0.1005,19.8023
152,-1483745909,35.03970310421647,-85.31690306086247,2,det_n1483745909_0_00153|det_n1483745909_1_00153,306.46,13.41,highway.primary,3,4,13.3753,8488,0.0788,15.0408
153,-1493147950,35.05876190607036,-85.27560710341912,5,det_n1493147950_0_00011|det_n1493147950_1_00011|det_n1493147950_2_00011|det_n1493147950_3_00011|det_n1493147950_4_00011,23.15,22.35,highway.primary,3,3,22.2513,56795,0.0272,21.7383
154,-1493147951,35.058073980974825,-85.27634704842994,3,det_n1493147951_0_00067|det_n1493147951_1_00067|det_n1493147951_2_00067,134.28,22.35,highway.primary,3,2,22.2184,52701,0.0588,28.0338
155,-1493294414,35.017710055171285,-85.29337376866573,2,det_n1493294414_0_00024|det_n1493294414_1_00024,49.16,17.88,highway.trunk,2,3,17.7839,33070,0.1067,27.1424
156,-1493294415,35.0171547409523,-85.29325070779609,2,det_n1493294415_0_00021|det_n1493294415_1_00021,43.77,17.88,highway.trunk,2,3,17.7816,32928,0.1064,27.0649
157,-1507147337,35.05068316635228,-85.30951740023396,3,det_n1507147337_0_00021|det_n1507147337_1_00021|det_n1507147337_2_00021,42.98,13.41,highway.secondary,2,3,13.365,10422,0.0508,14.5147
158,-1507147338,35.05143449698505,-85.30957016053834,2,det_n1507147338_0_00047|det_n1507147338_1_00047,94.6,13.41,highway.secondary,4,2,13.3654,7028,0.0757,14.4434
159,-1507147339#1,35.052053956001316,-85.30959078032373,3,det_n1507147339s1_0_00013|det_n1507147339s1_1_00013|det_n1507147339s1_2_00013,26.89,13.41,highway.secondary,2,4,13.3674,10554,0.0512,14.6417
160,-1507147340,35.053244193553134,-85.30955988872678,3,det_n1507147340_0_00022|det_n1507147340_1_00022|det_n1507147340_2_00022,44.66,13.41,highway.secondary,2,2,13.3904,20922,0.0612,17.5303
161,-1507147341#1,35.05449212406232,-85.30963777898711,3,det_n1507147341s1_0_00024|det_n1507147341s1_1_00025|det_n1507147341s1_2_00025,50.07,13.41,highway.secondary,2,4,13.3701,14451,0.0547,15.6718
162,-1507147342#1,35.05551111170579,-85.30966919912002,2,det_n1507147342s1_0_00014|det_n1507147342s1_1_00014,28.06,13.41,highway.secondary,2,3,13.3776,5032,0.0725,13.8062
163,-1509918794,35.028302377808686,-85.29834636991386,1,det_n1509918794_0_00227,454.86,15.65,highway.secondary,4,4,15.5541,14289,0.2183,24.2392
164,-173793335#4,35.05554965028419,-85.3160054573134,1,det_n173793335s4_0_00271,542.74,13.41,highway.secondary,3,3,13.3935,3603,0.15,14.326
165,-173793335#5,35.05445699606561,-85.31890626612308,1,det_n173793335s5_0_00013,27.86,13.41,highway.secondary,3,3,13.3974,4262,0.1605,15.3243
166,-173958210,35.01613487355637,-85.31364208931153,1,det_n173958210_0_00145,290.26,27.78,highway.secondary,4,3,27.3671,64007,0.4513,88.6728
167,-174321039#1,35.05477161076135,-85.2839728019866,2,det_n174321039s1_0_00027|det_n174321039s1_1_00027,54.7,22.35,highway.primary,2,2,22.1792,35114,0.0888,28.1388
168,-174321042#1,35.052477278822245,-85.30191268464667,2,det_n174321042s1_0_00068|det_n174321042s1_1_00068,136.18,17.88,highway.secondary,2,2,17.8579,834,0.048,12.1533
169,-183526720,35.04067130696166,-85.31945662774667,2,det_n183526720_0_00028|det_n183526720_1_00028,57.78,13.41,highway.secondary,4,3,13.292,50262,0.1946,37.0665
170,-191776668#2,35.021532027129524,-85.31130763302235,1,det_n191776668s2_0_00275,550.56,27.78,highway.secondary,4,3,27.2745,72682,0.5142,100.6792
171,-19492732#1,35.05892196705392,-85.33090671336166,1,det_n19492732s1_0_00048,97.07,27.78,highway.secondary,3,3,27.5474,237,0.0612,12.0576
172,-19492732#4,35.06183600842676,-85.33050566485657,1,det_n19492732s4_0_00255,510.52,27.78,highway.secondary,3,3,27.6872,4682,0.077,15.2095
173,-19492732#7,35.07519796696994,-85.32878072155296,1,det_n19492732s7_0_01222,2445.61,27.78,highway.secondary,1,3,27.7407,2039,0.0664,13.1548
174,-19492902#2,35.039041061206255,-85.30749380395355,2,det_n19492902s2_0_00054|det_n19492902s2_1_00054,109.7,13.41,highway.secondary,3,4,13.2772,105620,0.3857,73.5666
175,-19493014,35.0370415770522,-85.30976487296435,1,det_n19493014_0_00042,85.42,13.41,highway.primary,4,4,13.3497,11281,0.2248,21.4438
176,-19493216#1,35.0579050854187,-85.27439892581417,3,det_n19493216s1_0_00101|det_n19493216s1_1_00101|det_n19493216s1_2_00101,203.03,27.78,highway.secondary,1,3,27.7568,1983,0.0226,13.3535
177,-19493531#0,35.039380346077195,-85.28264198336294,1,det_n19493531s0_0_00042,85.29,17.88,highway.secondary,3,4,17.6921,21723,0.2589,32.7771
178,-19493531#2,35.040934857801346,-85.28151417404919,1,det_n19493531s2_0_00143,287.89,17.88,highway.secondary,3,3,17.7316,20976,0.2492,31.646
179,-19493531#6,35.04299254428896,-85.2803773054318,1,det_n19493531s6_0_00092,184.79,17.88,highway.secondary,4,3,17.7545,17441,0.2189,27.8214
180,-19501516#10,35.034731115571304,-85.27950036225216,2,det_n19501516s10_0_00061|det_n19501516s10_1_00061,123.53,15.65,highway.primary,4,4,15.5268,60594,0.1948,43.3812
181,-19501516#12,35.03422227648587,-85.2781172653052,2,det_n19501516s12_0_00062|det_n19501516s12_1_00062,124.05,15.65,highway.primary,4,4,15.5211,58522,0.1892,42.1193
182,-19501516#14,35.03372462488162,-85.27672094734098,2,det_n19501516s14_0_00062|det_n19501516s14_1_00062,124.39,15.65,highway.primary,4,4,15.5105,64542,0.2059,45.7985
183,-19501516#16,35.03316596802765,-85.27531416185535,2,det_n19501516s16_0_00065|det_n19501516s16_1_00065,131.62,15.65,highway.primary,3,4,15.4862,70596,0.2247,49.8829
184,-19501516#17,35.032860579727746,-85.27439166092472,2,det_n19501516s17_0_00010|det_n19501516s17_1_00010,20.96,15.65,highway.primary,3,3,15.4467,79600,0.2524,55.8891
185,-19501516#19,35.03256626629483,-85.27368297401829,2,det_n19501516s19_0_00047|det_n19501516s19_1_00047,94.98,15.65,highway.primary,1,3,15.6017,0,0.059,13.1117
186,-19501516#2,35.03792003191935,-85.28713373930927,2,det_n19501516s2_0_00172|det_n19501516s2_1_00171,344.13,15.65,highway.primary,3,2,15.4981,64512,0.2057,45.721
187,-19501516#3,35.036811468565595,-85.28482375469946,2,det_n19501516s3_0_00057|det_n19501516s3_1_00057,115.15,15.65,highway.primary,4,3,15.5164,60698,0.196,43.608
188,-19501516#5,35.036246388154886,-85.28351853232124,2,det_n19501516s5_0_00062|det_n19501516s5_1_00062,125.21,15.65,highway.primary,4,4,15.5029,72386,0.23,51.1768
189,-19501516#7,35.035754195716,-85.28219540911047,2,det_n19501516s7_0_00055|det_n19501516s7_1_00055,110.94,15.65,highway.primary,4,4,15.5166,67068,0.2142,47.6817
190,-19501516#9,35.03526452104841,-85.28087390574966,2,det_n19501516s9_0_00062|det_n19501516s9_1_00062,124.75,15.65,highway.primary,4,4,15.5232,62828,0.2015,44.8932
191,-19501755#1,35.06264306620609,-85.3079525080163,2,det_n19501755s1_0_00012|det_n19501755s1_1_00012,24.66,27.78,highway.primary,3,2,27.6868,18024,0.0495,19.5406
192,-19503247#0,35.03849941341013,-85.28307082601656,1,det_n19503247s0_0_00041,83.76,15.65,highway.secondary,4,4,15.4279,36613,0.4668,51.5689
193,-19503247#1,35.03773192036252,-85.28348862665821,1,det_n19503247s1_0_00036,73.67,15.65,highway.secondary,3,4,15.4223,39469,0.501,55.3359
194,-19503247#10,35.030134997364435,-85.28750854524006,1,det_n19503247s10_0_00033,66.87,15.65,highway.secondary,4,3,15.4303,50131,0.6301,69.7255
195,-19503247#13,35.02939567899412,-85.28790960144605,1,det_n19503247s13_0_00041,83.1,15.65,highway.secondary,4,4,15.433,50486,0.6338,70.1744
196,-19503247#15,35.02846648271096,-85.28839776062905,1,det_n19503247s15_0_00049,99.93,15.65,highway.secondary,3,4,15.4012,44726,0.5654,62.3741
197,-19503247#18,35.027532983761766,-85.2889076830233,1,det_n19503247s18_0_00049,98.4,15.65,highway.secondary,3,3,15.424,45436,0.5727,63.2991
198,-19503247#2,35.03693292733733,-85.28394955702555,1,det_n19503247s2_0_00046,93.69,15.65,highway.secondary,4,3,15.4286,39857,0.5052,55.8488
199,-19503247#21,35.02658814880325,-85.28941953284149,1,det_n19503247s21_0_00051,102.22,15.65,highway.secondary,4,3,15.4243,47007,0.5918,65.4381
200,-19503247#22,35.025620324798425,-85.28992974866854,1,det_n19503247s22_0_00051,102.95,15.65,highway.secondary,3,4,15.4195,48643,0.6125,67.7275
201,-19503247#23,35.024205599106345,-85.2906854602346,1,det_n19503247s23_0_00105,211.09,15.65,highway.secondary,3,3,15.4516,48543,0.6095,67.5615
202,-19503247#26,35.02277562016604,-85.29145711303798,1,det_n19503247s26_0_00053,107.23,15.65,highway.secondary,4,3,15.4654,49147,0.616,68.3719
203,-19503247#3,35.03604050400437,-85.28445998697964,1,det_n19503247s3_0_00044,89.31,15.65,highway.secondary,3,4,15.3841,41969,0.5327,58.6755
204,-19503247#4,35.03453407196672,-85.28526495371607,1,det_n19503247s4_0_00123,246.9,15.65,highway.secondary,2,3,15.4131,43449,0.5475,60.4544
205,-19503247#5,35.03331939795737,-85.28593084314826,1,det_n19503247s5_0_00013,26.53,15.65,highway.secondary,3,3,15.4129,46660,0.5888,65.036
206,-19503247#6,35.032741794638916,-85.28622515414598,1,det_n19503247s6_0_00047,95.12,15.65,highway.secondary,3,2,15.4215,44917,0.5668,62.6371
207,-19503247#7,35.031875416194495,-85.28671477051442,1,det_n19503247s7_0_00043,87.96,15.65,highway.secondary,3,3,15.4078,49511,0.6232,68.8436
208,-19503247#9,35.030956833302426,-85.28711858838913,1,det_n19503247s9_0_00049,99.91,15.65,highway.secondary,3,3,15.4167,50420,0.6341,70.1001
209,-19503656#5,35.013651981931034,-85.32547298303822,1,det_n19503656s5_0_00096,193.49,27.78,highway.secondary,4,3,27.6827,10658,0.1047,20.6951
210,-19505254,35.03916771185747,-85.29033281392647,1,det_n19505254_0_00144,288.13,15.65,highway.primary,2,2,15.4906,31760,0.4056,44.9805
211,-19505891#1,35.015227074611616,-85.32389434967803,2,det_n19505891s1_0_00040|det_n19505891s1_1_00039,80.05,27.78,highway.primary,3,3,27.4972,109776,0.1933,76.3303
212,-19505891#6,35.014705881695285,-85.32469819719873,2,det_n19505891s6_0_00038|det_n19505891s6_1_00038,77.18,27.78,highway.primary,3,3,27.5709,104832,0.1842,72.9693
213,-19507256#1,35.05893803154365,-85.32465995904872,1,det_n19507256s1_0_00016,32.8,27.78,highway.secondary,2,3,27.6545,6683,0.0875,17.2346
214,-19507256#25,35.05494480902819,-85.32677209871713,1,det_n19507256s25_0_00517,1035.72,27.78,highway.secondary,3,3,27.7212,6709,0.0864,17.0821
215,-19507256#26,35.05286508380601,-85.33240066521174,1,det_n19507256s26_0_00057,115.8,27.78,highway.secondary,3,3,27.7484,1789,0.0671,13.2474
216,-19509304#0,35.025818038503836,-85.29898659727644,1,det_n19509304s0_0_00053,106.79,17.88,highway.secondary,3,4,17.7609,14203,0.1923,24.4231
217,-19509304#1,35.025191405105794,-85.29853668627568,1,det_n19509304s1_0_00012,25.82,17.88,highway.secondary,2,3,17.7897,15832,0.2065,26.2753
218,-19509304#3,35.024882793668205,-85.29828485325548,1,det_n19509304s3_0_00019,38.91,17.88,highway.secondary,4,3,17.7818,16212,0.2097,26.6856
219,-19509900#0,35.02416051954619,-85.27633164850292,1,det_n19509900s0_0_00048,96.43,27.78,highway.secondary,3,3,27.2146,59365,0.422,82.2974
220,-19509900#1,35.02326701981923,-85.27681140035018,1,det_n19509900s1_0_00045,91.39,27.78,highway.secondary,4,3,27.2434,60682,0.4307,84.1079
221,-19509900#11,35.018765519470186,-85.27926957721316,1,det_n19509900s11_0_00089,179.38,27.78,highway.secondary,4,3,27.2493,71948,0.5092,99.5437
222,-19509900#2,35.02237061960976,-85.277290381032,1,det_n19509900s2_0_00048,96.96,27.78,highway.secondary,3,4,27.2307,63801,0.4527,88.3774
223,-19509900#3,35.02167218035324,-85.2776755559871,1,det_n19509900s3_0_00021,43.95,27.78,highway.secondary,3,3,27.2263,65435,0.4645,90.6655
224,-19509900#4,35.02105424220452,-85.2780264358369,1,det_n19509900s4_0_00039,78.44,27.78,highway.secondary,3,3,27.1895,69437,0.4928,96.0588
225,-19509900#5,35.02011818737498,-85.27853717127144,1,det_n19509900s5_0_00060,120.38,27.78,highway.secondary,3,3,27.2075,70179,0.4977,97.1055
226,-19513456#3,35.035889133852685,-85.3065873007073,2,det_n19513456s3_0_00062|det_n19513456s3_1_00062,124.79,13.41,highway.primary,3,4,13.2288,151772,0.5542,105.3826
227,-19514991,35.02070201569834,-85.29315457835199,1,det_n19514991_0_00083,166.03,27.78,highway.secondary,3,3,27.7201,8621,0.0958,18.9761
228,-19515157#2,35.01822941282376,-85.31250327667235,1,det_n19515157s2_0_00094,189.96,27.78,highway.secondary,3,4,27.3294,64126,0.4543,89.1072
229,-19515373#1,35.01561724297444,-85.28091445527542,1,det_n19515373s1_0_00025,51.94,27.78,highway.secondary,3,3,27.1641,39387,0.2849,55.4234
230,-19515373#11,35.01322157976083,-85.28219632336732,1,det_n19515373s11_0_00015,30.54,27.78,highway.secondary,4,3,27.5557,33825,0.2432,48.0607
231,-19515373#14,35.01251688638253,-85.28257574724653,1,det_n19515373s14_0_00015,30.1,27.78,highway.secondary,3,4,27.5376,26185,0.194,38.2443
232,-19515373#16,35.011898787845524,-85.28290854328999,1,det_n19515373s16_0_00019,39.21,27.78,highway.secondary,3,3,27.5945,25238,0.1874,37.0368
233,-19515373#17,35.011520851588706,-85.2831120899378,1,det_n19515373s17_0_00011,23.69,27.78,highway.secondary,4,3,27.5857,25194,0.1873,37.0151
234,-19515373#5,35.01503909495028,-85.28122908057023,1,det_n19515373s5_0_00029,59.91,27.78,highway.secondary,3,3,27.5136,38707,0.2758,54.4347
235,-19515373#6,35.01454802701002,-85.28148402963002,1,det_n19515373s6_0_00014,29.77,27.78,highway.secondary,3,3,27.5103,37670,0.2691,53.0918
236,-19515373#7,35.014216163932595,-85.28166081777236,1,det_n19515373s7_0_00010,21.76,27.78,highway.secondary,3,3,27.5204,36280,0.2603,51.3713
237,-19515373#8,35.0138463757706,-85.28185990659551,1,det_n19515373s8_0_00019,39.16,27.78,highway.secondary,3,3,27.5389,35736,0.2563,50.6146
238,-196862660#3,35.03522191638567,-85.30485885896732,1,det_n196862660s3_0_00037,75.65,13.41,highway.primary,3,4,13.2276,70524,1.0304,97.9248
239,-215311858#3,35.04465578286334,-85.29822722914935,2,det_n215311858s3_0_00069|det_n215311858s3_1_00069,138.48,11.18,highway.secondary,4,2,11.1808,2214,0.0773,12.3455
240,-215429505#1,35.064184877053464,-85.29703233064109,2,det_n215429505s1_0_00045|det_n215429505s1_1_00045,91.73,27.78,highway.primary,3,3,27.6815,21834,0.0537,21.1756
241,-289128743#2,35.0233921307791,-85.34161421230667,2,det_n289128743s2_0_00376|det_n289128743s2_1_00377,755.33,27.78,highway.primary,3,3,27.5298,62986,0.1134,44.6973
242,-289128743#3,35.02245967143295,-85.34658086729705,2,det_n289128743s3_0_00141|det_n289128743s3_1_00141,283.32,27.78,highway.primary,3,3,27.5629,55940,0.1021,40.2881
243,-289128743#4,35.020594520114216,-85.34964206464436,2,det_n289128743s4_0_00198|det_n289128743s4_1_00198,397.86,27.78,highway.primary,3,3,27.5651,55936,0.1021,40.2997
244,-289128743#6,35.02029439321795,-85.35241651039928,2,det_n289128743s6_0_00096|det_n289128743s6_1_00096,193.31,27.78,highway.primary,3,3,27.5479,59785,0.1086,42.8818
245,-394075886#1,35.048026440718914,-85.30649810311364,1,det_n394075886s1_0_00041,82.99,11.18,highway.secondary,3,3,11.1747,1068,0.1571,12.523
246,-395353136#1,35.04203249569247,-85.29815790119889,1,det_n395353136s1_0_00058,117.97,11.18,highway.primary,3,3,11.224,1203,0.1583,12.6511
247,-395353138,35.04434974114314,-85.30454088073057,1,det_n395353138_0_00021,43.86,11.18,highway.primary,3,4,11.1832,1787,0.1664,13.2586
248,-429007716#10,35.01950242903551,-85.37049492597376,2,det_n429007716s10_0_00061|det_n429007716s10_1_00061,122.22,20.12,highway.primary,4,3,20.0277,34518,0.0966,27.7253
249,-429007716#14,35.01926534155084,-85.37218043996737,2,det_n429007716s14_0_00068|det_n429007716s14_1_00068,136.23,20.12,highway.primary,4,4,20.0543,27238,0.0829,23.8087
250,-429007716#16,35.01904707482578,-85.37352849101356,2,det_n429007716s16_0_00031|det_n429007716s16_1_00031,63.54,20.12,highway.primary,3,4,20.0837,21924,0.0738,21.1949
251,-429007716#20,35.01878099982092,-85.37517817652163,2,det_n429007716s20_0_00106|det_n429007716s20_1_00106,213.08,20.12,highway.primary,3,3,20.083,18816,0.0677,19.4272
252,-429007716#30,35.018321213189815,-85.37776519339836,2,det_n429007716s30_0_00120|det_n429007716s30_1_00120,241.09,20.12,highway.primary,3,3,20.083,17453,0.0658,18.8732
253,-429007716#4,35.02016385868205,-85.36662507927822,2,det_n429007716s4_0_00071|det_n429007716s4_1_00071,143.52,20.12,highway.primary,4,4,19.9323,84828,0.2074,59.3605
254,-429007716#7,35.019826234466585,-85.36869929011321,2,det_n429007716s7_0_00092|det_n429007716s7_1_00092,184.12,20.12,highway.primary,3,4,20.0227,36650,0.1013,29.0477
255,-429007720,35.02123860094895,-85.3556180310838,2,det_n429007720_0_00206|det_n429007720_1_00207,414.48,27.78,highway.primary,2,3,27.5152,56350,0.1029,40.5396
256,-45068317#1,35.062097061086185,-85.30856752451528,3,det_n45068317s1_0_00050|det_n45068317s1_1_00050|det_n45068317s1_2_00050,100.71,13.41,highway.secondary,2,4,13.4114,4800,0.0452,12.9325
257,-45230026#0,35.0612494706619,-85.30350881520708,2,det_n45230026s0_0_00011|det_n45230026s0_1_00012,24.29,27.78,highway.primary,2,4,27.4729,59654,0.1087,42.7546
258,-45230026#1,35.06117821182946,-85.30266683233324,2,det_n45230026s1_0_00054|det_n45230026s1_1_00054,108.99,27.78,highway.primary,2,3,27.5338,70064,0.1251,49.4048
259,-45270782,35.05373953674855,-85.30529087902768,2,det_n45270782_0_00101|det_n45270782_1_00101,202.8,15.65,highway.secondary,3,2,15.6308,6974,0.0645,14.4133
260,-45270783,35.053069830269045,-85.30348448580104,2,det_n45270783_0_00078|det_n45270783_1_00078,156.85,17.88,highway.secondary,2,3,17.8479,6976,0.057,14.5457
261,-45271886#2,35.04166718076172,-85.29028699808094,1,det_n45271886s2_0_00058,117.84,15.65,highway.secondary,4,3,15.5373,19001,0.2666,29.6196
262,-45397152#2,35.05040693486121,-85.29691462931149,2,det_n45397152s2_0_00064|det_n45397152s2_1_00064,128.85,27.78,highway.secondary,2,3,27.3286,140814,0.2485,97.5251
263,-51065734#0,35.022203904893445,-85.29148840347153,2,det_n51065734s0_0_00017|det_n51065734s0_1_00017,35.06,15.65,highway.primary,3,4,15.5702,23750,0.0995,22.154
264,-51065734#1,35.02201856164866,-85.29097389676187,2,det_n51065734s1_0_00019|det_n51065734s1_1_00019,38.66,15.65,highway.primary,3,3,15.5841,22684,0.0966,21.5405
265,-51065734#2,35.021744110028614,-85.29020000132488,2,det_n51065734s2_0_00043|det_n51065734s2_1_00043,86.32,15.65,highway.primary,3,3,15.59,21716,0.0946,21.0902
266,-51065734#4,35.021391767117954,-85.28919040000139,2,det_n51065734s4_0_00042|det_n51065734s4_1_00042,85.01,15.65,highway.primary,3,3,15.5932,20848,0.0922,20.5642
267,-51065734#6,35.02109045754428,-85.28842236544884,2,det_n51065734s6_0_00020|det_n51065734s6_1_00020,41.48,15.65,highway.primary,3,3,15.6012,17530,0.0855,19.0424
268,-51065734#8,35.02085424313788,-85.28766222679297,2,det_n51065734s8_0_00038|det_n51065734s8_1_00038,77.79,15.65,highway.primary,3,3,15.6017,16398,0.0825,18.4029
269,-51065734#9,35.02058568936897,-85.2869621408737,2,det_n51065734s9_0_00017|det_n51065734s9_1_00017,34.07,15.65,highway.primary,3,3,15.6018,14538,0.0795,17.726
270,-51065737,35.034676929751306,-85.31288740920756,2,det_n51065737_0_00042|det_n51065737_1_00042,85.9,15.65,highway.primary,4,4,15.6038,9110,0.0688,15.3452
271,-51065758#2,35.02612866824267,-85.3112844668975,1,det_n51065758s2_0_00046,92.75,15.65,highway.secondary,3,3,15.2497,73583,0.9339,102.1509
272,-51065758#4,35.024877115040475,-85.31179065282765,1,det_n51065758s4_0_00087,174.05,15.65,highway.secondary,3,3,15.3069,72783,0.9202,101.0542
273,-51065957#8,35.037999524444,-85.31234508428213,1,det_n51065957s8_0_00099,199.5,13.41,highway.primary,4,4,13.3412,9613,0.2083,19.8636
274,-51066112,35.05200420131359,-85.30329536324045,2,det_n51066112_0_00012|det_n51066112_1_00012,24.21,27.78,highway.primary,4,2,27.451,136792,0.2408,94.9879
275,-51067012#0,35.01977088392654,-85.29384255407614,2,det_n51067012s0_0_00018|det_n51067012s0_1_00018,37.27,17.88,highway.primary,3,2,17.7496,49414,0.1433,36.438
276,-51067012#11,35.02334665979734,-85.29694004797841,2,det_n51067012s11_0_00042|det_n51067012s11_1_00042,84.3,17.88,highway.primary,3,3,17.7671,38718,0.1182,30.0816
277,-51067012#15,35.02394165691707,-85.29749629597502,2,det_n51067012s15_0_00026|det_n51067012s15_1_00026,53.13,17.88,highway.primary,2,3,17.7623,38322,0.1178,29.9505
278,-51067012#17,35.02427233442048,-85.29780281494287,2,det_n51067012s17_0_00010|det_n51067012s17_1_00010,21.72,17.88,highway.primary,4,3,17.7626,39250,0.1203,30.592
279,-51067012#2,35.02059191014018,-85.29437384994849,2,det_n51067012s2_0_00046|det_n51067012s2_1_00046,93.95,17.88,highway.primary,3,3,17.7726,28002,0.0962,24.4562
280,-51067012#3,35.02135478426836,-85.29509921685506,2,det_n51067012s3_0_00046|det_n51067012s3_1_00046,92.32,17.88,highway.primary,3,3,17.78,28482,0.097,24.6835
281,-51067012#4,35.022158843917325,-85.29580194333519,2,det_n51067012s4_0_00049|det_n51067012s4_1_00049,98.08,17.88,highway.primary,3,3,17.7733,29112,0.0981,24.9747
282,-51067012#7,35.02276149742062,-85.29641524654035,2,det_n51067012s7_0_00024|det_n51067012s7_1_00024,48.47,17.88,highway.primary,3,3,17.7851,29984,0.1001,25.5025
283,-51067013#0,35.03064542467696,-85.29706103865733,1,det_n51067013s0_0_00043,86.24,15.65,highway.secondary,4,4,15.5515,13606,0.2141,23.7918
284,-51067013#1,35.03130441531794,-85.29669855344154,1,det_n51067013s1_0_00022,45.33,15.65,highway.secondary,2,4,15.5689,14070,0.219,24.3518
285,-51067022#0,35.03505660922904,-85.27252282573177,2,det_n51067022s0_0_00065|det_n51067022s0_1_00065,130.56,15.65,highway.secondary,3,1,15.6343,4044,0.0587,13.0803
286,-51067022#1,35.03558447786209,-85.27393541786175,2,det_n51067022s1_0_00061|det_n51067022s1_1_00061,123.71,15.65,highway.secondary,4,3,15.6224,5696,0.0632,14.109
287,-51067022#13,35.03714981350002,-85.27818364279536,2,det_n51067022s13_0_00061|det_n51067022s13_1_00061,123.07,15.65,highway.secondary,4,4,15.6237,17506,0.0852,19.0469
288,-51067022#14,35.03766480264391,-85.2795679513881,2,det_n51067022s14_0_00062|det_n51067022s14_1_00062,125.18,15.65,highway.secondary,4,4,15.6151,19838,0.0898,20.0777
289,-51067022#7,35.03611487417912,-85.2753859721458,2,det_n51067022s7_0_00065|det_n51067022s7_1_00065,130.31,15.65,highway.secondary,4,4,15.6032,10952,0.0726,16.194
290,-51067022#8,35.03666290349516,-85.27678981245701,2,det_n51067022s8_0_00062|det_n51067022s8_1_00062,124.2,15.65,highway.secondary,4,4,15.6278,14148,0.0788,17.5997
291,-51067068,35.05161823176231,-85.29926767579838,1,det_n51067068_0_00030,60.71,27.78,highway.primary,4,3,27.6219,11969,0.1128,22.2734
292,-51067069,35.05469158290155,-85.30647999797287,2,det_n51067069_0_00035|det_n51067069_1_00035,70.18,13.41,highway.secondary,3,3,13.3943,7250,0.0764,14.5988
293,-51067076#0,35.04981313271881,-85.29518326085316,1,det_n51067076s0_0_00065,131.42,13.41,highway.secondary,3,3,13.093,63791,0.9438,88.6031
294,-51067076#2,35.04914004337631,-85.29379069243261,1,det_n51067076s2_0_00068,136.52,13.41,highway.secondary,3,3,13.1136,63679,0.9401,88.437
295,-51067080#2,35.045216785717514,-85.30856202119533,1,det_n51067080s2_0_00055,111.71,13.41,highway.secondary,4,4,13.2786,30096,0.4529,43.1013
296,-51067095#2,35.0550820472108,-85.30969004834459,2,det_n51067095s2_0_00025|det_n51067095s2_1_00025,50.9,13.41,highway.secondary,4,2,13.3839,5066,0.0721,13.7618
297,-51822286#2,35.01438395212843,-85.29387901238808,2,det_n51822286s2_0_00077|det_n51822286s2_1_00077,155.02,27.78,highway.trunk,3,4,27.6276,45796,0.0868,34.339
298,-51822286#3,35.01302733436305,-85.2943939480463,2,det_n51822286s3_0_00067|det_n51822286s3_1_00068,136.38,27.78,highway.trunk,3,3,27.6327,37032,0.0739,29.2063
299,-51822286#4,35.011275605108715,-85.29410279630353,2,det_n51822286s4_0_00114|det_n51822286s4_1_00114,228.08,27.78,highway.trunk,3,3,27.6498,30312,0.0649,25.6308
300,-51822286#5,35.00576672543151,-85.2929762272352,2,det_n51822286s5_0_00491|det_n51822286s5_1_00491,982.55,27.78,highway.trunk,1,3,27.6867,3826,0.0334,13.0953
301,-582913872#3,35.04577612280796,-85.30893089375014,2,det_n582913872s3_0_00030|det_n582913872s3_1_00031,62.02,11.18,highway.primary,4,2,10.8495,130798,0.5834,90.5858
302,-582913874#1,35.04347333906599,-85.30223451268603,1,det_n582913874s1_0_00059,118.9,11.18,highway.primary,4,4,11.1626,1092,0.1558,12.3905
303,-582913876#3,35.042714086043425,-85.30021021102124,1,det_n582913876s3_0_00128,257.94,11.18,highway.primary,4,3,11.2049,1103,0.1546,12.347
304,-66945385#2,35.056475461347134,-85.3108146880474,1,det_n66945385s2_0_00100,200.4,13.41,highway.secondary,3,2,13.4073,2997,0.1464,13.9913
305,-754204242#10,35.02744827018305,-85.28391698200907,2,det_n754204242s10_0_00024|det_n754204242s10_1_00024,49.33,15.65,highway.primary,3,3,15.5724,42358,0.1457,32.4617
306,-754204242#12,35.0272040759085,-85.28321502673282,2,det_n754204242s12_0_00030|det_n754204242s12_1_00030,60.97,15.65,highway.primary,4,3,15.5806,40076,0.1393,31.0577
307,-754204242#14,35.02685687967786,-85.28214525375435,2,det_n754204242s14_0_00037|det_n754204242s14_1_00037,74.71,15.65,highway.primary,3,4,15.5855,36020,0.1285,28.6494
308,-754204242#17,35.026518398489486,-85.2811866763827,2,det_n754204242s17_0_00017|det_n754204242s17_1_00017,34.22,15.65,highway.primary,3,3,15.5953,31958,0.1187,26.4693
309,-754204242#18,35.026280973015254,-85.28051930637154,2,det_n754204242s18_0_00034|det_n754204242s18_1_00034,69.53,15.65,highway.primary,4,3,15.6071,29874,0.113,25.2161
310,-754204242#19,35.02599959903636,-85.27971432571026,2,det_n754204242s19_0_00027|det_n754204242s19_1_00027,54.5,15.65,highway.primary,3,4,15.6173,26004,0.1038,23.189
311,-754204242#20,35.02577417291618,-85.27916999665239,2,det_n754204242s20_0_00013|det_n754204242s20_1_00013,27.8,15.65,highway.primary,3,3,15.6243,25622,0.1034,23.0922
312,-754204242#22,35.02558085710282,-85.27861975412794,2,det_n754204242s22_0_00026|det_n754204242s22_1_00026,52.54,15.65,highway.primary,3,3,15.6032,26286,0.1046,23.3572
313,-754204242#26,35.02526607389493,-85.27772448790739,2,det_n754204242s26_0_00048|det_n754204242s26_1_00048,96.25,15.65,highway.primary,4,3,15.6028,26182,0.104,23.2263
314,-754204242#3,35.029314332315884,-85.28907286780114,2,det_n754204242s3_0_00084|det_n754204242s3_1_00084,168.9,15.65,highway.primary,4,4,15.4914,103984,0.3254,72.4024
315,-754204242#4,35.02881460643842,-85.28761206430175,2,det_n754204242s4_0_00045|det_n754204242s4_1_00045,90.51,15.65,highway.primary,3,4,15.5248,58282,0.1889,42.048
316,-754204242#6,35.02841202606412,-85.28659758315585,2,det_n754204242s6_0_00043|det_n754204242s6_1_00043,86.28,15.65,highway.primary,3,3,15.5444,56888,0.1848,41.1749
317,-754204242#7,35.02814542818859,-85.28585605160215,2,det_n754204242s7_0_00016|det_n754204242s7_1_00016,32.54,15.65,highway.primary,3,3,15.552,55798,0.1816,40.5005
318,-754204242#8,35.02795813484889,-85.2853444919406,2,det_n754204242s8_0_00020|det_n754204242s8_1_00020,40.92,15.65,highway.primary,3,3,15.555,52276,0.1718,38.3209
319,-754204242#9,35.02770818198004,-85.28465412503085,2,det_n754204242s9_0_00034|det_n754204242s9_1_00034,68.13,15.65,highway.primary,3,3,15.563,48382,0.1609,35.8779
320,-758017387#4,35.01040245485595,-85.3279668415086,1,det_n758017387s4_0_00072,145.37,27.78,highway.secondary,3,3,27.7167,2778,0.0713,14.0942
321,-758017387#5,35.00926707110544,-85.32795305975405,1,det_n758017387s5_0_00039,78.22,27.78,highway.secondary,1,3,27.7667,0,0.0682,13.4949
322,-782052339#1,35.03206316750635,-85.29649618500055,2,det_n782052339s1_0_00010|det_n782052339s1_1_00010,21.84,13.41,highway.primary,4,2,13.2651,149464,0.5438,103.7052
323,-78438810#0,35.03644563391372,-85.29400552318123,1,det_n78438810s0_0_00090,180.08,13.41,highway.secondary,3,2,13.2764,33260,0.4948,47.0713
324,-78438810#1,35.03749276702004,-85.29343341598046,1,det_n78438810s1_0_00023,46.44,13.41,highway.secondary,4,3,13.2761,30624,0.4598,43.7356
325,-78507374#0,35.04007825855527,-85.29296007796708,1,det_n78507374s0_0_00077,154.4,11.18,highway.primary,4,4,11.1708,1992,0.1681,13.3825
326,-78507374#1,35.040592245383095,-85.29433930034627,1,det_n78507374s1_0_00046,92.89,11.18,highway.primary,4,4,11.1564,1756,0.1638,13.0254
327,-81250830#0,35.04285033065397,-85.31450202373989,1,det_n81250830s0_0_00097,195.09,27.78,highway.secondary,3,3,27.7311,7028,0.089,17.5875
328,-81250830#2,35.04367199334559,-85.31587616189658,1,det_n81250830s2_0_00049,98.99,27.78,highway.secondary,2,3,27.7286,2477,0.0706,13.9326
329,-81250839#1,35.045291786171305,-85.31183432384648,1,det_n81250839s1_0_00040,81.34,27.78,highway.secondary,3,4,26.8142,98770,0.7097,136.4208
330,-861011654#0,35.01790542745033,-85.32215831588412,2,det_n861011654s0_0_00023|det_n861011654s0_1_00023,46.54,15.65,highway.primary,3,4,15.5658,46078,0.1545,34.4494
331,-861011654#15,35.01968464126866,-85.32113830399408,2,det_n861011654s15_0_00073|det_n861011654s15_1_00073,146.32,15.65,highway.primary,3,3,15.5577,48936,0.1621,36.1451
332,-861011654#21,35.020649667764474,-85.32060875503996,2,det_n861011654s21_0_00029|det_n861011654s21_1_00029,59.7,15.65,highway.primary,3,3,15.5582,49670,0.1643,36.6367
333,-861011654#4,35.018595298556725,-85.3217745182922,2,det_n861011654s4_0_00046|det_n861011654s4_1_00046,92.94,15.65,highway.primary,3,3,15.572,45386,0.1523,33.9908
334,-861011657#1,35.05271410149496,-85.30961253315485,2,det_n861011657s1_0_00028|det_n861011657s1_1_00028,56.63,13.41,highway.secondary,4,2,13.3874,13914,0.0915,17.4873
335,-861020835#3,35.04132986084492,-85.308429486138,2,det_n861020835s3_0_00063|det_n861020835s3_1_00063,127.2,13.41,highway.secondary,3,4,13.2951,64786,0.2427,46.2944
336,-861020838#10,35.06081869729473,-85.32026031413659,1,det_n861020838s10_0_00104,208.76,27.78,highway.secondary,3,3,27.5472,28739,0.2102,41.4817
337,-861020838#12,35.06027803202437,-85.32164915529603,1,det_n861020838s12_0_00021,42.39,27.78,highway.secondary,3,3,27.5429,19201,0.1517,29.8722
338,-861020838#14,35.059735279722524,-85.32308024969592,1,det_n861020838s14_0_00108,216.22,27.78,highway.secondary,3,3,27.6156,16867,0.1378,27.2202
339,-861020838#17,35.05923543012969,-85.32439998893328,1,det_n861020838s17_0_00013,27.41,27.78,highway.secondary,3,2,27.6293,15906,0.1336,26.4105
340,-861020840#1,35.06371604844633,-85.31071498161157,3,det_n861020840s1_0_00034|det_n861020840s1_1_00034|det_n861020840s1_2_00034,68.71,15.65,highway.secondary,3,4,15.6206,19866,0.0513,17.1461
341,-861020840#3,35.06416040767571,-85.31137564787053,3,det_n861020840s3_0_00028|det_n861020840s3_1_00028|det_n861020840s3_2_00028,57.75,15.65,highway.secondary,3,3,15.6247,12771,0.0449,15.0653
342,-861020841#3,35.06252469774275,-85.30718797494615,2,det_n861020841s3_0_00044|det_n861020841s3_1_00044,89.01,27.78,highway.primary,3,3,27.6208,21842,0.0542,21.347
343,-861029880#3,35.0509884215117,-85.29961586901595,1,det_n861029880s3_0_00028,57.59,27.78,highway.primary,3,3,27.6813,8693,0.0969,19.1479
344,-861104700#1,35.045494219909834,-85.30759174167258,1,det_n861104700s1_0_00059,118.86,11.18,highway.primary,4,4,11.1695,2757,0.1733,13.7825
345,-861104714,35.05907117586113,-85.27515436433114,5,det_n861104714_0_00037|det_n861104714_1_00037|det_n861104714_2_00037|det_n861104714_3_00037|det_n861104714_4_00037,74.62,22.35,highway.primary,2,2,22.2697,53010,0.0262,20.9263
346,-861134574#0,35.01054118008053,-85.2836318475945,1,det_n861134574s0_0_00092,184.58,27.78,highway.secondary,3,4,27.6957,5361,0.0815,16.1164
347,-861134574#1,35.00590609509681,-85.28603784751965,1,det_n861134574s1_0_00452,905.42,27.78,highway.secondary,1,3,27.803,2030,0.0682,13.4735
348,-861134576#11,35.01687096258289,-85.27664071534646,2,det_n861134576s11_0_00041|det_n861134576s11_1_00041,83.75,15.65,highway.primary,3,3,15.554,51710,0.1695,37.8041
349,-861134576#13,35.01659345881674,-85.27586272524684,2,det_n861134576s13_0_00021|det_n861134576s13_1_00021,42.17,15.65,highway.primary,3,3,15.5601,49310,0.1631,36.4028
350,-861134576#16,35.01632522832502,-85.2751868625404,2,det_n861134576s16_0_00032|det_n861134576s16_1_00032,65.69,15.65,highway.primary,3,3,15.5598,44788,0.1511,33.7122
351,-861134576#20,35.01607456759405,-85.27446462738178,2,det_n861134576s20_0_00024|det_n861134576s20_1_00024,48.48,15.65,highway.primary,3,3,15.5612,41916,0.1435,31.9965
352,-861134576#6,35.01750756586574,-85.27840138848016,2,det_n861134576s6_0_00119|det_n861134576s6_1_00119,238.43,15.65,highway.primary,3,4,15.5069,60207,0.1933,42.9899
353,-861134577#5,35.05104237216483,-85.30074741057167,2,det_n861134577s5_0_00084|det_n861134577s5_1_00084,168.83,27.78,highway.primary,3,4,27.5026,137124,0.2404,95.0504
354,-861134582#2,35.05165926182889,-85.30238153560721,2,det_n861134582s2_0_00065|det_n861134582s2_1_00065,130.44,27.78,highway.primary,3,3,27.4474,134546,0.2368,93.4233
355,-861250237,35.04460224976007,-85.30520152778416,1,det_n861250237_0_00030,60.24,11.18,highway.primary,4,3,11.1891,1288,0.1631,13.0051
356,-86188283#0,35.02195703749068,-85.34052787455546,1,det_n86188283s0_0_00203,406.31,27.78,highway.secondary,4,3,27.6529,11303,0.1073,21.2163
357,-86188283#10,35.013703653546784,-85.33712981984604,1,det_n86188283s10_0_00073,146.66,27.78,highway.secondary,3,4,27.7368,7698,0.0918,18.195
358,-86188283#11,35.01026224761557,-85.33763436621761,1,det_n86188283s11_0_00321,642.86,27.78,highway.secondary,1,3,27.7642,1968,0.0674,13.3575
359,-86188283#9,35.01930405993028,-85.33892838634492,1,det_n86188283s9_0_00554,1108.76,27.78,highway.secondary,4,4,27.6983,10375,0.1034,20.4635
360,-862061994#1,35.03112334835054,-85.27387925751017,1,det_n862061994s1_0_00047,94.25,27.78,highway.secondary,4,2,27.2824,42420,0.3044,59.4502
361,-862061994#13,35.02709103141525,-85.27604580994384,1,det_n862061994s13_0_00031,62.3,27.78,highway.secondary,4,3,27.3013,53308,0.3786,74.1235
362,-862061994#16,35.02627235061451,-85.27649215390177,1,det_n862061994s16_0_00035,70.67,27.78,highway.secondary,4,4,27.3012,53359,0.3791,74.1983
363,-862061994#19,35.0254612806804,-85.27693379868553,1,det_n862061994s19_0_00039,79.2,27.78,highway.secondary,4,4,27.3131,52880,0.3757,73.5605
364,-862061994#3,35.03026727689309,-85.2743529232235,1,det_n862061994s3_0_00042,85.58,27.78,highway.secondary,4,4,27.3537,45684,0.3257,63.8345
365,-862061994#4,35.02943324389029,-85.27480743005037,1,det_n862061994s4_0_00044,88.33,27.78,highway.secondary,4,4,27.3335,48594,0.3456,67.6891
366,-862061994#5,35.028750196660845,-85.27515171429316,1,det_n862061994s5_0_00023,46.16,27.78,highway.secondary,3,4,27.3179,50066,0.3562,69.7405
367,-862061994#6,35.0283443257739,-85.27536821507695,1,det_n862061994s6_0_00011,23.36,27.78,highway.secondary,3,3,27.3107,50788,0.3616,70.7647
368,-862061994#9,35.027920645953316,-85.2755981526863,1,det_n862061994s9_0_00025,50.66,27.78,highway.secondary,3,3,27.3076,52279,0.3716,72.7432
369,-862070076,35.04904160612514,-85.30950383372215,1,det_n862070076_0_00065,131.33,13.41,highway.secondary,3,3,13.3856,3476,0.1511,14.4197
370,-862070077#6,35.04293260355362,-85.309221718805,2,det_n862070077s6_0_00102|det_n862070077s6_1_00103,206.46,13.41,highway.secondary,4,4,13.2925,64430,0.241,45.9399
371,-862070079#1,35.03920598619012,-85.29244013097599,1,det_n862070079s1_0_00060,120.07,13.41,highway.secondary,4,4,13.2838,32348,0.4834,46.0177
372,-862077239#1,35.04519303947291,-85.29966329300547,1,det_n862077239s1_0_00060,120.52,11.18,highway.secondary,3,4,11.1224,1266,0.158,12.5362
373,-862077239#4,35.045681749874326,-85.30096989849949,1,det_n862077239s4_0_00056,112.56,11.18,highway.secondary,4,3,11.1044,1513,0.1626,12.8652
374,-862110250#2,35.05389255147908,-85.30965171385839,2,det_n862110250s2_0_00033|det_n862110250s2_1_00033,66.78,13.41,highway.secondary,3,2,13.3839,9616,0.0818,15.6167
375,-862110257#3,35.046135503364205,-85.28608765789427,1,det_n862110257s3_0_00054,108.85,15.65,highway.secondary,3,4,15.4977,23650,0.3171,35.1541
376,-862116439#1,35.05007602355328,-85.30950850305084,2,det_n862116439s1_0_00037|det_n862116439s1_1_00037,75.72,13.41,highway.secondary,3,2,13.3683,6886,0.0753,14.3568
377,-862405801#2,35.04187726419285,-85.31372579148825,1,det_n862405801s2_0_00063,126.92,27.78,highway.secondary,4,3,26.8274,113342,0.8136,156.5312
378,-862405801#5,35.0407298517258,-85.31437570678686,1,det_n862405801s5_0_00062,124.88,27.78,highway.secondary,3,3,27.2828,40254,0.2887,56.4384
379,-862426389,35.04437991160467,-85.31036649275413,2,det_n862426389_0_00042|det_n862426389_1_00042,84.17,13.41,highway.primary,4,4,13.3517,10778,0.0836,15.945
380,-862426390#4,35.0444410989668,-85.31229107767807,1,det_n862426390s4_0_00048,96.18,27.78,highway.secondary,3,3,26.7802,106277,0.7643,146.7334
381,-862426391#2,35.043213532819045,-85.31294585746811,2,det_n862426391s2_0_00086|det_n862426391s2_1_00086,172.74,27.78,highway.secondary,3,3,26.7618,222422,0.4002,153.5434
382,-862426392,35.044471000941215,-85.30931795553639,2,det_n862426392_0_00034|det_n862426392_1_00034,69.24,13.41,highway.secondary,2,4,13.3963,6236,0.0745,14.246
383,-862426393#2,35.03759749262804,-85.30739390770002,2,det_n862426393s2_0_00091|det_n862426393s2_1_00091,182.39,13.41,highway.secondary,3,3,13.2733,104874,0.3832,73.028
384,-862430709#1,35.061944228191784,-85.30508146402984,2,det_n862430709s1_0_00023|det_n862430709s1_1_00023,46.58,27.78,highway.primary,4,2,27.5442,31948,0.0671,26.4389
385,-884685645,35.04852318541493,-85.29249399532627,1,det_n884685645_0_00053,106.68,13.41,highway.secondary,4,2,13.1391,62839,0.9264,87.3235
386,-919316230,35.01716959304966,-85.33387778206163,2,det_n919316230_0_00591|det_n919316230_1_00592,1184.02,27.78,highway.primary,3,2,27.4004,86496,0.1533,60.2354
387,-919334587#0,35.02126507131967,-85.34735298000943,1,det_n919334587s0_0_00506,1013.95,27.78,highway.secondary,4,4,27.6762,3708,0.074,14.5936
388,-919334587#1,35.01897078226876,-85.35359558859923,1,det_n919334587s1_0_00225,451.2,27.78,highway.secondary,3,4,27.6919,720,0.0623,12.2727
389,-919334587#2,35.02008946446229,-85.35447705622165,1,det_n919334587s2_0_00043,87.34,27.78,highway.secondary,3,3,27.8465,2568,0.0696,13.8108
390,-919334587#3,35.02063886108009,-85.3537710756264,1,det_n919334587s3_0_00034,68.19,27.78,highway.secondary,3,3,27.8382,2793,0.0711,14.1077
391,-942698638#1,35.01390217297698,-85.32745682532513,1,det_n942698638s1_0_00020,40.41,27.78,highway.primary,2,4,27.3393,50238,0.357,69.9313
392,-996941240,35.017714538022275,-85.38112750962448,1,det_n996941240_0_00017,34.35,27.78,highway.primary,3,3,27.428,35127,0.2534,49.7268
393,-996941241#3,35.01708600077727,-85.3831221431823,1,det_n996941241s3_0_00168,337.54,27.78,highway.primary,3,2,27.4418,35307,0.2527,49.635
394,-996941241#4,35.01408904395771,-85.38711284839025,1,det_n996941241s4_0_00321,643.1,27.78,highway.primary,4,3,27.468,30045,0.2179,42.85
395,-996941241#5,35.009121388313616,-85.39155743384273,1,det_n996941241s5_0_00361,723.04,27.78,highway.primary,1,4,27.6759,2038,0.0666,13.1484
396,-998933409#11,35.022757447866574,-85.29304454331285,2,det_n998933409s11_0_00052|det_n998933409s11_1_00052,105.77,17.88,highway.primary,3,3,17.7958,36252,0.1126,28.6938
397,-998933409#13,35.02239891182604,-85.29209904847382,2,det_n998933409s13_0_00027|det_n998933409s13_1_00027,55.41,17.88,highway.primary,4,3,17.7975,35830,0.1122,28.569
398,-998933409#6,35.02379009150378,-85.29575594209209,2,det_n998933409s6_0_00086|det_n998933409s6_1_00086,172.1,17.88,highway.primary,3,4,17.7855,36828,0.1138,28.9599
399,-998933409#7,35.0232017204218,-85.2942359271558,2,det_n998933409s7_0_00051|det_n998933409s7_1_00051,103.7,17.88,highway.primary,3,3,17.7855,36748,0.1138,28.9592
400,-998959430#10,35.05605997978247,-85.28013504837193,2,det_n998959430s10_0_00342|det_n998959430s10_1_00342,684.61,22.35,highway.primary,2,2,22.2011,35552,0.0887,28.1451
401,1044300151#0,35.06213359051438,-85.30577379257284,2,det_1044300151s0_0_00034|det_1044300151s0_1_00034,69.18,27.78,highway.primary,3,2,27.5924,50320,0.0939,37.1225
402,1052353504,35.04040924231916,-85.31565482559306,1,det_1052353504_0_00192,384.98,22.22,highway.motorway_link,1,3,21.2457,78776,0.7161,108.7723
403,1052353508,35.050470066745575,-85.31398464525232,1,det_1052353508_0_00140,280.33,22.22,highway.motorway_link,1,1,22.1198,11741,0.1379,21.7674
404,1052353510,35.053705711562145,-85.31543830881229,2,det_1052353510_0_00174|det_1052353510_1_00174,349.42,13.41,highway.motorway_link,1,2,13.3995,6324,0.0734,14.0325
405,1052865256#0,35.04396566803512,-85.30345509438605,2,det_1052865256s0_0_00050|det_1052865256s0_1_00050,100.19,11.18,highway.primary,4,4,11.1957,5128,0.0857,13.6924
406,1052865561#0,35.01634667444699,-85.29309764020921,2,det_1052865561s0_0_00039|det_1052865561s0_1_00039,79.12,27.78,highway.trunk,4,3,27.3959,140818,0.2476,97.4297
407,1052865561#1,35.0155179370447,-85.29332876195191,2,det_1052865561s1_0_00042|det_1052865561s1_1_00043,86.15,27.78,highway.trunk,3,4,27.3629,137828,0.2427,95.3834
408,1052887734,35.02974536525459,-85.30505312871655,2,det_1052887734_0_00021|det_1052887734_1_00021,43.5,13.41,highway.primary,4,1,13.3427,6686,0.0771,14.6777
409,1052887735#1,35.03207042311073,-85.3142265426367,2,det_1052887735s1_0_00053|det_1052887735s1_1_00053,107.96,15.65,highway.primary,3,3,15.523,63764,0.2049,45.604
410,1052887735#2,35.03292374964673,-85.31375472000047,2,det_1052887735s2_0_00035|det_1052887735s2_1_00035,71.25,15.65,highway.primary,4,4,15.5216,70476,0.2245,49.9755
411,1068052368#0,35.017507297986,-85.2799359205834,1,det_1068052368s0_0_00041,83.46,27.78,highway.secondary,4,3,27.15,99288,0.7061,137.6941
412,1068052368#5,35.016499961433055,-85.28046890379662,1,det_1068052368s5_0_00070,141.58,27.78,highway.secondary,3,3,27.5621,19224,0.1529,30.1185
413,1094664762#1,35.05549326687168,-85.30689856310745,2,det_1094664762s1_0_00026|det_1094664762s1_1_00026,53.72,13.41,highway.secondary,3,2,13.4259,8088,0.0784,14.9938
414,1094664763#0,35.05605122494794,-85.31246495329444,1,det_1094664763s0_0_00043,86.84,13.41,highway.secondary,3,3,13.4231,3402,0.1495,14.3078
415,1101773588,35.02103730377109,-85.36077776371634,2,det_1101773588_0_00264|det_1101773588_1_00264,528.95,20.12,highway.primary,2,3,19.8925,60242,0.1507,42.9176
416,110852876,35.05867718207084,-85.30927647686372,2,det_110852876_0_00326|det_110852876_1_00326,653.09,13.41,highway.secondary,2,3,13.3831,5196,0.0721,13.7642
417,110888038#0,35.02481391408247,-85.27665312663996,2,det_110888038s0_0_00047|det_110888038s0_1_00047,94.17,27.78,highway.primary,4,3,27.3452,130320,0.2306,90.5312
418,110888038#3,35.02426728367879,-85.27510340862605,2,det_110888038s3_0_00061|det_110888038s3_1_00061,122.11,27.78,highway.primary,3,3,27.6932,23154,0.0548,21.586
419,110888038#4,35.02390482107206,-85.27420894917731,2,det_110888038s4_0_00015|det_110888038s4_1_00015,30.92,27.78,highway.primary,3,3,27.653,12146,0.0424,16.6524
420,110888038#5,35.02359873278533,-85.27330171132417,2,det_110888038s5_0_00059|det_110888038s5_1_00059,119.09,27.78,highway.primary,3,3,27.6497,9832,0.0399,15.6324
421,110888038#6,35.022756876482816,-85.27103616128825,2,det_110888038s6_0_00152|det_110888038s6_1_00152,305.95,27.78,highway.primary,3,1,27.6255,4034,0.0341,13.3429
422,110888061#0,35.0143347614587,-85.32599157342987,2,det_110888061s0_0_00073|det_110888061s0_1_00073,147.3,27.78,highway.primary,3,2,27.5369,87472,0.1547,61.1185
423,111039470#0,35.0311545453548,-85.30894205067641,1,det_111039470s0_0_00019,39.99,15.65,highway.secondary,4,3,15.3529,142712,1.7914,197.7565
424,111039470#3,35.03010000391776,-85.30921573265293,1,det_111039470s3_0_00088,176.93,15.65,highway.secondary,2,1,15.3949,76048,0.9516,105.2203
425,111039470#4-AddedOnRampEdge,35.028958996325414,-85.30984434099939,2,det_111039470s4nAddedOnRampEdge_0_00047|det_111039470s4nAddedOnRampEdge_1_00047,94.4,15.65,highway.secondary,2,1,15.4428,207318,0.6472,143.6928
426,111039504#0,35.024415101506044,-85.29764643402659,2,det_111039504s0_0_00012|det_111039504s0_1_00012,24.62,27.78,highway.primary,4,1,27.4597,126086,0.2216,87.4242
427,111039504#2,35.02420113686055,-85.29718211704393,3,det_111039504s2_0_00032|det_111039504s2_1_00032|det_111039504s2_2_00032,65.33,27.78,highway.primary,2,4,27.3401,190449,0.1496,88.0546
428,111039507#0,35.024658467334646,-85.29850339733066,3,det_111039507s0_0_00024|det_111039507s0_1_00024|det_111039507s0_2_00024,48.67,17.88,highway.primary,4,1,17.7357,83268,0.1054,40.24
429,111039507#2,35.02475903568052,-85.29920763817468,4,det_111039507s2_0_00037|det_111039507s2_1_00037|det_111039507s2_2_00037|det_111039507s2_3_00037,74.98,17.88,highway.primary,2,3,17.7344,117856,0.0831,42.329
430,111039555,35.030411570854874,-85.3062234481198,3,det_111039555_0_00046|det_111039555_1_00046|det_111039555_2_00046,93.96,17.88,highway.primary,3,2,17.7449,83910,0.1056,40.3429
431,111563727,35.04599538250965,-85.31214042762763,3,det_111563727_0_00038|det_111563727_1_00038|det_111563727_2_00037,76.15,15.65,highway.primary,4,2,15.5589,70584,0.105,35.0872
432,111563738#0,35.04529002705286,-85.30941950731793,2,det_111563738s0_0_00041|det_111563738s0_1_00041,83.92,13.41,highway.secondary,4,4,13.3808,9462,0.0817,15.6095
433,111563746,35.0457716706888,-85.30992343553365,3,det_111563746_0_00035|det_111563746_1_00035|det_111563746_2_00035,71.81,13.41,highway.primary,4,4,13.3198,69525,0.1203,34.444
434,111563749#0,35.04581531559544,-85.31107046234433,3,det_111563749s0_0_00041|det_111563749s0_1_00041|det_111563749s0_2_00041,83.14,13.41,highway.primary,4,4,13.3129,80514,0.1361,38.9791
435,1122128151#0,35.04990485456042,-85.32118771982393,1,det_1122128151s0_0_00046,92.65,13.41,highway.secondary,1,3,13.3293,19729,0.3194,30.4336
436,1122128151#2,35.05065095286059,-85.32081003572823,1,det_1122128151s2_0_00028,57.59,13.41,highway.secondary,3,3,13.3564,10225,0.2144,20.4529
437,1122128151#3,35.05218899044049,-85.3201077240498,1,det_1122128151s3_0_00139,279.68,13.41,highway.secondary,3,3,13.3727,3466,0.1495,14.2587
438,1122128151#4,35.05399914058221,-85.31965851030247,1,det_1122128151s4_0_00056,112.3,13.41,highway.secondary,3,3,13.3982,4541,0.1596,15.2638
439,1122128152#1,35.0540521969607,-85.31974330857919,1,det_1122128152s1_0_00058,117.86,13.41,highway.secondary,3,3,13.3886,4595,0.1594,15.2292
440,1122128152#2,35.052229460289645,-85.32024388957663,1,det_1122128152s2_0_00138,277.91,13.41,highway.secondary,3,3,13.3777,3497,0.15,14.3173
441,1122128152#4,35.05069419394707,-85.32093764625562,1,det_1122128152s4_0_00028,57.67,13.41,highway.secondary,3,3,13.328,12393,0.2375,22.629
442,1122128152#5,35.050164661911886,-85.32120635384422,1,det_1122128152s5_0_00020,40.8,13.41,highway.secondary,3,1,13.3308,22181,0.3523,33.618
443,1122128156#0,35.039195282106505,-85.28351898890782,1,det_1122128156s0_0_00059,118.16,15.65,highway.secondary,4,3,15.5384,19953,0.2764,30.7653
444,1122128156#1,35.040360970887676,-85.28668704229256,1,det_1122128156s1_0_00243,486.32,15.65,highway.secondary,3,3,15.5323,21582,0.292,32.4704
445,1122128157#0,35.03869340035523,-85.28216573182618,1,det_1122128157s0_0_00061,122.89,15.65,highway.secondary,4,2,15.5954,12423,0.2019,22.5098
446,1122128170,35.03789455486648,-85.2871502862534,1,det_1122128170_0_00171,343.67,15.65,highway.primary,2,3,15.4686,31744,0.4056,44.8996
447,1148023954#0,35.029011254369934,-85.31169757838101,1,det_1148023954s0_0_00148,297.89,22.22,highway.motorway_link,3,3,21.9584,32559,0.2935,46.1402
448,1148023954#4,35.02828611910514,-85.30979865897481,1,det_1148023954s4_0_00013,27.68,22.22,highway.motorway_link,3,1,21.9364,39780,0.3554,55.877
449,1148023958,35.03072415608254,-85.31622632870683,3,det_1148023958_0_00089|det_1148023958_1_00089|det_1148023958_2_00089,178.33,22.22,highway.motorway_link,1,3,21.9186,135699,0.1333,62.8535
450,1148023959,35.03114977997358,-85.3173374562405,2,det_1148023959_0_00014|det_1148023959_1_00014,29.33,22.22,highway.motorway_link,2,1,22.0255,90092,0.1987,62.8619
451,1148023962,35.02884249364513,-85.32235150517421,1,det_1148023962_0_00571,1142.0,22.22,highway.motorway_link,1,1,21.8229,28881,0.2666,41.4916
452,114916675#0,35.02936331388457,-85.35497719465548,2,det_114916675s0_0_00351|det_114916675s0_1_00350,702.81,29.06,highway.motorway,1,1,26.2444,416846,0.7659,287.9117
453,114916675#0-AddedOffRampEdge,35.02868856896721,-85.35933171931136,3,det_114916675s0nAddedOffRampEdge_0_00047|det_114916675s0nAddedOffRampEdge_1_00047|det_114916675s0nAddedOffRampEdge_2_00047,94.42,29.06,highway.motorway,1,2,26.5121,624714,0.5057,288.1093
454,114916675#1,35.02783308859978,-85.36318758758135,2,det_114916675s1_0_00314|det_114916675s1_1_00314,628.06,29.06,highway.motorway,1,1,28.4176,84118,0.1446,58.7348
455,1155817285#0,35.064486302517395,-85.31186861692382,2,det_1155817285s0_0_00012|det_1155817285s0_1_00012,25.84,15.65,highway.secondary,3,1,15.6739,3900,0.0601,13.4328
456,1156049982#2,35.06188579624985,-85.31633060374183,2,det_1156049982s2_0_00073|det_1156049982s2_1_00073,146.45,13.41,highway.primary,3,3,13.3773,15964,0.0952,18.1997
457,1156049984#0,35.061506959348634,-85.31815700481447,2,det_1156049984s0_0_00084|det_1156049984s0_1_00084,168.04,13.41,highway.primary,3,3,13.2318,79588,0.2938,55.6954
458,1156055587#0,35.063399067342004,-85.30983408446482,3,det_1156055587s0_0_00031|det_1156055587s0_1_00031|det_1156055587s0_2_00031,62.2,15.65,highway.primary,2,4,15.6123,23841,0.055,18.4261
459,1156055592#0,35.062658546524865,-85.3127801143472,2,det_1156055592s0_0_00245|det_1156055592s0_1_00246,492.06,13.41,highway.primary,4,3,13.3907,13878,0.0905,17.3042
460,1156059511#0,35.06232907631307,-85.30642079061282,2,det_1156059511s0_0_00014|det_1156059511s0_1_00014,28.82,27.78,highway.primary,3,3,27.5573,46874,0.0888,35.0125
461,1156059512#0,35.061453796874794,-85.30411815962655,2,det_1156059512s0_0_00032|det_1156059512s0_1_00032,64.86,27.78,highway.primary,2,4,27.5275,67990,0.1225,48.3765
462,1156129099,35.04136655770783,-85.2894013805364,1,det_1156129099_0_00014,28.05,15.65,highway.secondary,3,3,15.5211,21369,0.2927,32.5058
463,1156129108#0,35.04227092371498,-85.29179558015193,1,det_1156129108s0_0_00079,159.33,11.18,highway.secondary,4,3,11.1894,1406,0.1623,12.9478
464,1156129109#0,35.04271907611756,-85.29299063968085,1,det_1156129109s0_0_00025,51.53,11.18,highway.secondary,3,3,11.1748,1372,0.1649,13.1305
465,1156129110#0,35.04363346856298,-85.29541348483126,1,det_1156129110s0_0_00030,61.49,11.18,highway.secondary,3,3,11.2302,1516,0.1627,13.026
466,1156129111,35.04387046128578,-85.29604329725053,1,det_1156129111_0_00018,36.1,11.18,highway.secondary,3,3,11.1953,1654,0.1645,13.1357
467,1156129112#0,35.04419272636577,-85.2969045349865,1,det_1156129112s0_0_00053,107.74,11.18,highway.secondary,3,2,11.2104,1244,0.1582,12.6701
468,1156129116#0,35.04717493848974,-85.30487368049377,1,det_1156129116s0_0_00063,126.1,11.18,highway.secondary,4,4,11.145,1256,0.1577,12.538
469,1156129118#0,35.047564836213546,-85.30590685295506,1,det_1156129118s0_0_00023,47.42,11.18,highway.secondary,4,3,11.1903,1598,0.163,13.016
470,1156129119#0,35.04794373936494,-85.30706180056254,2,det_1156129119s0_0_00049|det_1156129119s0_1_00049,99.87,13.41,highway.primary,3,2,13.3018,90914,0.3321,63.4591
471,1156129121,35.04948673198611,-85.30618356358565,2,det_1156129121_0_00022|det_1156129121_1_00022,45.62,13.41,highway.primary,3,3,13.3098,89048,0.3261,62.3306
472,1156129122,35.04989308204138,-85.30599356218953,2,det_1156129122_0_00013|det_1156129122_1_00013,27.69,13.41,highway.primary,3,2,13.3106,88110,0.3227,61.6725
473,1156129123#0,35.05054410646991,-85.30558879800621,2,det_1156129123s0_0_00052|det_1156129123s0_1_00052,105.62,13.41,highway.primary,4,3,13.3091,88140,0.3224,61.6194
474,1156343682#0,35.05237111363858,-85.3090742656323,3,det_1156343682s0_0_00035|det_1156343682s0_1_00035|det_1156343682s0_2_00035,71.88,13.41,highway.primary,4,4,13.2923,147387,0.2393,68.5343
475,1156343684#0,35.05223664357099,-85.30906893074072,3,det_1156343684s0_0_00036|det_1156343684s0_1_00036|det_1156343684s0_2_00036,72.26,13.41,highway.primary,4,4,13.33,23595,0.0648,18.4975
476,1156343693#1,35.04618436943252,-85.3081016360029,2,det_1156343693s1_0_00017|det_1156343693s1_1_00017,35.06,13.41,highway.primary,3,3,13.2021,95564,0.3525,66.6937
477,1156343695#0,35.048654783598664,-85.30665488804412,2,det_1156343695s0_0_00022|det_1156343695s0_1_00022,45.62,13.41,highway.primary,3,4,13.3013,94216,0.3441,65.7533
478,1156343697,35.05212988807809,-85.3039779037702,2,det_1156343697_0_00043|det_1156343697_1_00043,86.87,27.78,highway.primary,4,2,27.501,154274,0.2697,106.6596
479,1156343698,35.05218693561077,-85.30506627799892,2,det_1156343698_0_00027|det_1156343698_1_00027,54.6,27.78,highway.primary,4,4,27.5813,24228,0.0571,22.4578
480,1156343700,35.05229960703433,-85.30506722989692,2,det_1156343700_0_00027|det_1156343700_1_00027,55.5,27.78,highway.primary,4,4,27.4603,102662,0.1817,71.6012
481,1156343702,35.05217079852976,-85.30620125879639,2,det_1156343702_0_00019|det_1156343702_1_00019,39.61,13.41,highway.primary,4,1,13.3449,15360,0.0965,18.3913
482,1156343703,35.05233968383474,-85.30624495088968,3,det_1156343703_0_00014|det_1156343703_1_00014|det_1156343703_2_00014,29.05,13.41,highway.primary,1,4,13.2694,144858,0.236,67.4494
483,1156343705#0,35.052333622590524,-85.30807852051028,3,det_1156343705s0_0_00039|det_1156343705s0_1_00039|det_1156343705s0_2_00039,79.23,13.41,highway.primary,4,4,13.3349,22572,0.0636,18.1803
484,1156343707#0,35.05239680838043,-85.30807378797192,3,det_1156343707s0_0_00040|det_1156343707s0_1_00040|det_1156343707s0_2_00040,80.83,13.41,highway.primary,5,4,13.2931,145515,0.2361,67.6409
485,1156343709#0,35.05239439725558,-85.31013732284238,3,det_1156343709s0_0_00033|det_1156343709s0_1_00033|det_1156343709s0_2_00033,67.32,13.41,highway.primary,4,4,13.2927,164928,0.267,76.4881
486,1156343716,35.05081312388649,-85.31460559716876,2,det_1156343716_0_00131|det_1156343716_1_00132,264.0,22.22,highway.motorway_link,2,3,21.9857,104152,0.2288,72.1941
487,1156343719#0,35.047386034692906,-85.31645564756676,3,det_1156343719s0_0_00053|det_1156343719s0_1_00053|det_1156343719s0_2_00053,106.39,15.65,highway.secondary,1,2,15.6106,18627,0.0499,16.726
488,1156343722#0,35.04833324297301,-85.31897237607055,3,det_1156343722s0_0_00074|det_1156343722s0_1_00074|det_1156343722s0_2_00074,149.95,15.65,highway.secondary,3,4,15.5953,22719,0.0541,18.1039
489,1156343727#0,35.046494346820396,-85.32237250026142,2,det_1156343727s0_0_00319|det_1156343727s0_1_00318,638.43,17.88,highway.secondary,3,3,17.7736,33478,0.1064,27.0456
490,1156343728#0,35.04907135219065,-85.32156310129092,3,det_1156343728s0_0_00016|det_1156343728s0_1_00016|det_1156343728s0_2_00016,33.71,17.88,highway.secondary,1,3,17.8151,33003,0.056,21.423
491,1156343737#0,35.04631511788436,-85.3221911674962,2,det_1156343737s0_0_00291|det_1156343737s0_1_00292,584.86,17.88,highway.secondary,3,1,17.8,22382,0.0837,21.2892
492,1156343738,35.04148780410402,-85.31960891822916,2,det_1156343738_0_00065|det_1156343738_1_00066,132.66,17.88,highway.secondary,3,4,17.7603,44798,0.1322,33.6113
493,1156343739#0,35.04044799579954,-85.31878394212363,1,det_1156343739s0_0_00022,45.61,13.41,highway.secondary,3,3,13.3545,5045,0.1656,15.7863
494,1156343740#0,35.03964441929972,-85.31502172485578,1,det_1156343740s0_0_00057,114.3,27.78,highway.secondary,3,4,27.4506,40577,0.2893,56.977
495,1156343747#0,35.03859935751999,-85.31387722177627,1,det_1156343747s0_0_00040,81.23,13.41,highway.primary,4,3,13.3433,10173,0.2141,20.3972
496,1156343747#3,35.03895013615295,-85.31482254870905,1,det_1156343747s3_0_00039,79.2,13.41,highway.primary,3,4,13.3194,10219,0.2141,20.3596
497,1156343761,35.040219388995105,-85.30792684606367,2,det_1156343761_0_00053|det_1156343761_1_00053,106.55,13.41,highway.secondary,3,4,13.307,79426,0.292,55.7965
498,1156343762#0,35.040754978295006,-85.30953953604258,2,det_1156343762s0_0_00108|det_1156343762s0_1_00107,216.23,13.41,highway.primary,4,4,13.3587,6484,0.0739,14.082
499,1156343805#0,35.04144858377882,-85.29650702135004,2,det_1156343805s0_0_00022|det_1156343805s0_1_00022,44.98,11.18,highway.primary,4,3,11.1381,3412,0.0824,13.1096
500,1156343805#1,35.04168611516557,-85.29714320569357,2,det_1156343805s1_0_00026|det_1156343805s1_1_00026,53.51,11.18,highway.primary,3,3,11.1702,3132,0.0823,13.0997
501,1156343807,35.04110567684879,-85.29552175307481,2,det_1156343807_0_00060|det_1156343807_1_00060,120.85,11.18,highway.primary,4,4,11.1117,3636,0.0825,13.0769
502,1156343823#0,35.04147945650333,-85.29116422423317,1,det_1156343823s0_0_00044,88.05,13.41,highway.secondary,4,4,13.217,37660,0.5593,52.9957
503,1156343826,35.04086451964702,-85.2914989736564,1,det_1156343826_0_00016,32.61,13.41,highway.secondary,4,4,13.2156,40518,0.5994,56.7908
504,1156343845,35.047750181234676,-85.30953876401306,2,det_1156343845_0_00063|det_1156343845_1_00063,126.53,13.41,highway.secondary,3,3,13.3717,7666,0.0774,14.7757
505,1156343855#0,35.04676473085904,-85.30777155106891,2,det_1156343855s0_0_00038|det_1156343855s0_1_00038,77.95,13.41,highway.primary,3,3,13.3032,94262,0.3442,65.7797
506,1156343857#0,35.04501723241161,-85.30623661872677,2,det_1156343857s0_0_00060|det_1156343857s0_1_00060,120.91,11.18,highway.primary,4,4,11.1731,5676,0.087,13.9001
507,1156610942#0,35.037596046189215,-85.3074290157406,2,det_1156610942s0_0_00091|det_1156610942s0_1_00091,182.3,13.41,highway.secondary,3,3,13.2413,153624,0.56,106.5798
508,1156610944#0,35.03634469444582,-85.30780265124943,1,det_1156610944s0_0_00035,70.51,13.41,highway.primary,4,3,13.3519,11488,0.2289,21.8333
509,1156610944#1,35.03669225030338,-85.30873905821002,1,det_1156610944s1_0_00044,88.15,13.41,highway.primary,3,4,13.35,11110,0.2239,21.3531
510,1156610947#0,35.03742890726173,-85.31072305477524,1,det_1156610947s0_0_00040,80.38,13.41,highway.primary,4,4,13.3391,10443,0.2179,20.7624
511,1156610949#0,35.03631385561109,-85.31187278829175,2,det_1156610949s0_0_00042|det_1156610949s0_1_00042,84.9,15.65,highway.primary,4,3,15.6106,13014,0.076,16.9284
512,1156610949#3,35.037152517501696,-85.31141636085918,2,det_1156610949s3_0_00045|det_1156610949s3_1_00045,90.27,15.65,highway.primary,3,4,15.5866,11964,0.0743,16.5053
513,1156610955#0,35.035482329319535,-85.3123338397228,2,det_1156610955s0_0_00044|det_1156610955s0_1_00044,88.92,15.65,highway.primary,4,4,15.6137,13824,0.0776,17.289
514,1156610973,35.033831010343874,-85.31328317187378,2,det_1156610973_0_00042|det_1156610973_1_00042,85.75,15.65,highway.primary,4,4,15.6175,17194,0.0851,18.9739
515,1156610978#0,35.03169848476678,-85.30907721959557,3,det_1156610978s0_0_00015|det_1156610978s0_1_00015|det_1156610978s0_2_00015,31.76,17.88,highway.primary,4,2,17.7716,91122,0.114,43.5838
516,1156610979,35.032058852089456,-85.30991162226233,3,det_1156610979_0_00055|det_1156610979_1_00055|det_1156610979_2_00055,111.65,17.88,highway.primary,2,3,17.7687,89574,0.1121,42.8525
517,1156610981,35.033849260457245,-85.31462298211649,3,det_1156610981_0_00099|det_1156610981_1_00099|det_1156610981_2_00099,198.72,17.88,highway.secondary,4,4,17.7186,156309,0.1902,72.601
518,1156610986,35.034697050889136,-85.31681012856988,3,det_1156610986_0_00110|det_1156610986_1_00110|det_1156610986_2_00108,220.04,17.88,highway.secondary,4,4,17.7668,65253,0.0863,32.9872
519,1156610987#0,35.03439253414751,-85.31612303390986,3,det_1156610987s0_0_00035|det_1156610987s0_1_00035|det_1156610987s0_2_00035,71.41,17.88,highway.secondary,4,1,17.6965,141831,0.1731,65.9409
520,1156610987#0-AddedOffRampEdge,35.03493353006914,-85.31685844451361,4,det_1156610987s0nAddedOffRampEdge_0_00046|det_1156610987s0nAddedOffRampEdge_1_00046|det_1156610987s0nAddedOffRampEdge_2_00046|det_1156610987s0nAddedOffRampEdge_3_00046,93.87,17.88,highway.secondary,1,2,17.7186,189004,0.1296,65.9173
521,1156610987#1,35.0354307351245,-85.31727074064536,3,det_1156610987s1_0_00016|det_1156610987s1_1_00016|det_1156610987s1_2_00016,32.81,17.88,highway.secondary,1,4,17.7828,51630,0.0726,27.7387
522,1156610997,35.03368314233982,-85.31471378078496,3,det_1156610997_0_00099|det_1156610997_1_00099|det_1156610997_2_00099,198.64,17.88,highway.secondary,4,4,17.7528,79914,0.1016,38.7973
523,1156611005#0,35.031122211459746,-85.30804768642899,3,det_1156611005s0_0_00064|det_1156611005s0_1_00064|det_1156611005s0_2_00064,129.86,17.88,highway.primary,4,3,17.7653,94377,0.1171,44.8112
524,1156611007#0,35.03118440268626,-85.30774890841079,3,det_1156611007s0_0_00043|det_1156611007s0_1_00043|det_1156611007s0_2_00043,86.53,17.88,highway.primary,3,2,17.6969,139005,0.1698,64.6946
525,1156611007#1,35.03141108644114,-85.3084949466033,3,det_1156611007s1_0_00014|det_1156611007s1_1_00014|det_1156611007s1_2_00014,29.53,17.88,highway.primary,2,4,17.3841,142053,0.177,66.0987
526,1156611009,35.030871726706124,-85.30696740176484,3,det_1156611009_0_00021|det_1156611009_1_00021|det_1156611009_2_00021,42.82,17.88,highway.primary,3,3,17.7327,137460,0.1675,64.0056
527,1156611010,35.03070281242165,-85.30707006066106,3,det_1156611010_0_00021|det_1156611010_1_00021|det_1156611010_2_00021,42.65,17.88,highway.primary,3,3,17.7579,89628,0.1121,42.8491
528,1156611030#0,35.03204301509877,-85.30862618457408,2,det_1156611030s0_0_00045|det_1156611030s0_1_00045,90.33,15.65,highway.secondary,4,4,15.5109,97424,0.3047,67.9213
529,1156611032#0,35.03206567826376,-85.3087707102474,2,det_1156611032s0_0_00044|det_1156611032s0_1_00044,89.8,27.78,highway.secondary,4,4,27.1007,249220,0.4433,172.6813
530,1156615603#0,35.03548294408955,-85.30562813609733,1,det_1156615603s0_0_00021,43.1,13.41,highway.primary,3,4,13.2997,25934,0.3996,38.0417
531,1156615630,35.033077651048515,-85.29931627413391,1,det_1156615630_0_00028,57.86,13.41,highway.primary,3,3,13.3032,28163,0.4269,40.6562
532,1156615631,35.03329526064688,-85.29988937739121,1,det_1156615631_0_00014,28.52,13.41,highway.primary,3,3,13.3039,28192,0.4273,40.6968
533,1156615633,35.03362064346977,-85.30075091329826,1,det_1156615633_0_00028,56.35,13.41,highway.primary,3,3,13.2955,28814,0.435,41.4284
534,1156615641#0,35.03408438441562,-85.30196323834336,1,det_1156615641s0_0_00054,109.08,13.41,highway.primary,3,3,13.2987,29396,0.4429,42.2111
535,1156615642#0,35.03457279974675,-85.30322802630783,1,det_1156615642s0_0_00058,117.06,13.41,highway.primary,3,3,13.3126,23271,0.3645,34.715
536,1156615643#0,35.034924852097056,-85.3041533949487,1,det_1156615643s0_0_00020,40.19,13.41,highway.primary,3,3,13.3176,23105,0.3633,34.608
537,1156704062#0,35.03294249176038,-85.30847593734647,2,det_1156704062s0_0_00035|det_1156704062s0_1_00035,71.8,15.65,highway.secondary,4,2,15.5163,97742,0.3054,68.0949
538,1156704062#2,35.03399012620532,-85.30827277984419,2,det_1156704062s2_0_00033|det_1156704062s2_1_00033,67.85,15.65,highway.secondary,1,4,15.5143,93942,0.294,65.5236
539,1156953260,35.04011667494782,-85.32031107398201,2,det_1156953260_0_00079|det_1156953260_1_00079,159.72,17.88,highway.secondary,4,2,17.8981,4038,0.0524,13.4022
540,1156995270#0,35.063811284220066,-85.31063580525993,2,det_1156995270s0_0_00034|det_1156995270s0_1_00034,68.53,15.65,highway.secondary,4,3,15.5979,13100,0.0771,17.1599
541,1156995273#0,35.06165452470531,-85.30464287155185,2,det_1156995273s0_0_00012|det_1156995273s0_1_00012,24.79,27.78,highway.primary,4,2,27.3888,67956,0.1235,48.395
542,1156995274,35.06078226803122,-85.30161501240246,2,det_1156995274_0_00011|det_1156995274_1_00011,23.56,27.78,highway.primary,2,1,27.5042,103932,0.1833,72.4136
543,1156995275,35.054037693772415,-85.30370921265326,2,det_1156995275_0_00014|det_1156995275_1_00014,29.78,27.78,highway.primary,1,1,27.4357,179196,0.3151,124.2675
544,1156995276#0,35.06000830875156,-85.30177906059716,3,det_1156995276s0_0_00096|det_1156995276s0_1_00097|det_1156995276s0_2_00097,194.63,27.78,highway.primary,1,3,27.2433,258849,0.2032,119.2827
545,1156995276#1,35.06104996070354,-85.30131864076843,2,det_1156995276s1_1_00010|det_1156995276s1_2_00010,20.08,27.78,highway.primary,2,1,27.5086,102814,0.1206,71.5044
546,1156995277,35.06196336855491,-85.30036343154272,2,det_1156995277_0_00145|det_1156995277_1_00145,291.77,27.78,highway.primary,2,3,27.4637,108946,0.1917,75.5782
547,1156995281,35.064721139667085,-85.2958422221408,2,det_1156995281_0_00061|det_1156995281_1_00061,123.67,27.78,highway.primary,3,1,27.7908,3874,0.0339,13.3127
548,1156995282,35.063600369664215,-85.29786664087494,2,det_1156995282_0_00036|det_1156995282_1_00036,72.72,27.78,highway.primary,3,3,27.632,26874,0.0602,23.727
549,1156995283,35.06316309064597,-85.29856763110857,2,det_1156995283_0_00029|det_1156995283_1_00029,59.06,27.78,highway.primary,3,3,27.4368,92294,0.1634,64.3046
550,1157035024#1,35.05558004745615,-85.31601335107078,1,det_1157035024s1_0_00271,542.97,13.41,highway.secondary,3,3,13.4086,3771,0.1522,14.5411
551,1157669580,35.05253342200737,-85.30451699787683,2,det_1157669580_0_00013|det_1157669580_1_00013,26.88,27.78,highway.primary,3,4,27.4301,180278,0.317,125.0231
552,1157669581,35.05215913276924,-85.30373099952513,3,det_1157669581_0_00023|det_1157669581_1_00023|det_1157669581_2_00023,46.6,27.78,highway.primary,2,2,27.3257,205239,0.1615,94.9922
553,115784469#1,35.0164043933403,-85.2804023475303,3,det_115784469s1_0_00293|det_115784469s1_1_00293|det_115784469s1_2_00293,586.53,24.59,highway.motorway,1,1,24.51,9501,0.0261,14.1709
554,115784477#1,35.018240763196275,-85.28651907163236,3,det_115784477s1_0_00268|det_115784477s1_1_00269|det_115784477s1_2_00269,538.32,24.59,highway.motorway,1,2,24.0579,239835,0.213,110.3078
555,115784477#1-AddedOnRampEdge,35.01861241269812,-85.29002069340336,4,det_115784477s1nAddedOnRampEdge_0_00047|det_115784477s1nAddedOnRampEdge_1_00047|det_115784477s1nAddedOnRampEdge_2_00047|det_115784477s1nAddedOnRampEdge_3_00047,94.34,24.59,highway.motorway,2,1,24.1406,319020,0.1591,110.2981
556,115784482#1,35.02277671922176,-85.29854980400331,4,det_115784482s1_0_00557|det_115784482s1_1_00557|det_115784482s1_2_00557|det_115784482s1_3_00557,1114.68,24.59,highway.motorway,1,1,23.9793,619472,0.3109,214.3007
557,115784482#1-AddedOffRampEdge,35.02631150516854,-85.30366704307255,5,det_115784482s1nAddedOffRampEdge_0_00047|det_115784482s1nAddedOffRampEdge_1_00047|det_115784482s1nAddedOffRampEdge_2_00047|det_115784482s1nAddedOffRampEdge_3_00047|det_115784482s1nAddedOffRampEdge_4_00047,94.51,24.59,highway.motorway,1,2,24.1579,773340,0.2467,214.3063
558,115784485#1,35.01865986283601,-85.29145037606933,3,det_115784485s1_0_00145|det_115784485s1_1_00145|det_115784485s1_2_00145,290.32,24.59,highway.motorway,1,1,24.2025,315318,0.2787,145.4754
559,115784488,35.01850744822854,-85.29160726697523,3,det_115784488_0_00094|det_115784488_1_00094|det_115784488_2_00094,189.6,24.59,highway.motorway,1,1,24.1817,228264,0.202,105.2357
560,115784488-AddedOnRampEdge,35.0184261505604,-85.29325881756678,4,det_115784488nAddedOnRampEdge_0_00047|det_115784488nAddedOnRampEdge_1_00047|det_115784488nAddedOnRampEdge_2_00047|det_115784488nAddedOnRampEdge_3_00046,94.6,24.59,highway.motorway,2,1,24.2074,304332,0.1513,105.247
561,115793790#0,35.07618931180802,-85.26704610974951,2,det_115793790s0_0_01365|det_115793790s0_1_01365,2730.86,22.35,highway.primary,1,3,22.2696,3850,0.0419,13.3065
562,115793790#2,35.064164766602936,-85.27364788843997,2,det_115793790s2_0_00083|det_115793790s2_1_00083,167.51,22.35,highway.primary,3,3,22.2727,5128,0.0438,13.8961
563,115793790#3,35.06173093635712,-85.27421679685501,2,det_115793790s3_0_00178|det_115793790s3_1_00178,356.81,22.35,highway.primary,3,3,22.2606,7932,0.0468,14.8308
564,115807524#1,35.02529489747124,-85.31801214743865,2,det_115807524s1_0_00050|det_115807524s1_1_00050,101.79,15.65,highway.primary,4,4,15.5092,59132,0.1913,42.589
565,115807524#3,35.0266844584204,-85.31720316940682,2,det_115807524s3_0_00105|det_115807524s3_1_00105,211.0,15.65,highway.primary,4,4,15.5064,62860,0.2019,44.9105
566,115807524#9,35.02805767297115,-85.3164801105166,2,det_115807524s9_0_00046|det_115807524s9_1_00046,92.09,15.65,highway.primary,4,4,15.5096,64970,0.2077,46.2334
567,115807526#0,35.01631198752512,-85.32294912267082,2,det_115807526s0_0_00075|det_115807526s0_1_00074,150.21,27.78,highway.primary,3,3,27.4682,110695,0.195,76.8804
568,115807526#6,35.01729589509444,-85.3223695676744,2,det_115807526s6_0_00031|det_115807526s6_1_00031,63.58,27.78,highway.primary,3,4,27.4822,113910,0.2007,79.2527
569,1158340685#0,35.02040349054669,-85.38721266401292,1,det_1158340685s0_0_00201,403.17,20.12,highway.primary,2,3,19.9517,12958,0.1615,22.9447
570,1158340685#1,35.02250325063973,-85.38809486121959,1,det_1158340685s1_0_00031,62.22,20.12,highway.primary,3,3,19.9694,9860,0.1427,20.2976
571,1158340685#2,35.023067867422256,-85.38861130954045,1,det_1158340685s2_0_00032,65.18,20.12,highway.primary,3,3,19.9672,8408,0.1334,18.9762
572,1158340685#3,35.02391166526874,-85.39170811695533,1,det_1158340685s3_0_00257,514.12,20.12,highway.primary,3,3,19.9884,6095,0.117,16.672
573,1158340687#1,35.02050285564354,-85.36474925859198,2,det_1158340687s1_0_00088|det_1158340687s1_1_00088,177.51,20.12,highway.primary,3,4,19.8789,61648,0.1552,44.1685
574,1158466953,35.045035604372664,-85.31035455440983,2,det_1158466953_0_00015|det_1158466953_1_00015,31.82,13.41,highway.primary,4,2,13.3895,9568,0.0821,15.6858
575,115931295#0,35.05661680636237,-85.30895108220923,1,det_115931295s0_0_00071,143.76,13.41,highway.secondary,2,2,13.4264,4034,0.1533,14.6686
576,1163433677#0,35.05617643142823,-85.30755017478886,1,det_1163433677s0_0_00061,123.4,13.41,highway.secondary,2,2,13.4316,4019,0.154,14.748
577,1177545087,35.019155026853106,-85.29378223351274,3,det_1177545087_0_00034|det_1177545087_1_00034|det_1177545087_2_00034,69.38,17.88,highway.trunk,3,1,17.7472,74643,0.0961,36.6401
578,1177545088,35.01824571895988,-85.29337862720737,2,det_1177545088_0_00017|det_1177545088_1_00017,35.7,17.88,highway.trunk,2,1,17.602,135902,0.3735,94.4098
579,1177545090,35.01847760242257,-85.29369883101924,4,det_1177545090_0_00032|det_1177545090_1_00032|det_1177545090_2_00032|det_1177545090_3_00032,65.19,17.88,highway.trunk,1,2,17.7508,99432,0.0719,36.6085
580,1177545092,35.01868537628576,-85.29351290306232,4,det_1177545092_0_00023|det_1177545092_1_00023|det_1177545092_2_00023|det_1177545092_3_00023,47.81,17.88,highway.trunk,1,2,17.6866,271912,0.1857,94.4195
581,119784677,35.0234590405879,-85.31911529890101,2,det_119784677_0_00158|det_119784677_1_00158,316.91,15.65,highway.primary,2,3,15.5303,56542,0.1827,40.6436
582,119784682#0,35.024432807362764,-85.39610839831532,1,det_119784682s0_0_00134,268.41,20.12,highway.primary,3,3,20.0234,6402,0.1188,16.9589
583,119784682#8,35.028758214112045,-85.40574896678109,1,det_119784682s8_0_00931,1863.48,20.12,highway.primary,3,1,20.0822,1965,0.0931,13.322
584,119784683#1,35.01388148759414,-85.328545110154,1,det_119784683s1_0_00018,37.97,27.78,highway.primary,3,2,27.5184,45121,0.3196,63.1204
585,119784684#0,35.0172132818793,-85.33382968687083,2,det_119784684s0_0_00592|det_119784684s0_1_00592,1184.38,27.78,highway.primary,2,3,27.4589,90654,0.1601,63.0344
586,119994712#2,35.03212944741059,-85.29692119752639,2,det_119994712s2_0_00019|det_119994712s2_1_00019,38.88,13.41,highway.primary,4,2,13.2889,60208,0.2264,43.1106
587,120254808#0,35.02989781247627,-85.30525585534177,2,det_120254808s0_0_00034|det_120254808s0_1_00035,71.85,17.88,highway.primary_link,1,1,17.7834,27922,0.0953,24.2798
588,120254809,35.026012246747904,-85.30245936775479,2,det_120254809_0_00142|det_120254809_1_00142,284.28,17.88,highway.primary,1,1,17.6945,78784,0.217,55.0873
589,120254810,35.0277642367574,-85.3050571694263,3,det_120254810_0_00157|det_120254810_1_00159|det_120254810_2_00159,318.86,17.88,highway.primary,1,1,17.669,118047,0.1446,54.9439
590,120254811,35.0265955198001,-85.30378993657507,2,det_120254811_0_00268|det_120254811_1_00267,537.14,17.88,highway.primary,1,1,17.7619,34970,0.1097,27.9127
591,120254812,35.024921045695585,-85.30059345354934,3,det_120254812_0_00068|det_120254812_1_00068|det_120254812_2_00068,137.57,17.88,highway.primary,1,3,17.7798,51909,0.0728,27.852
592,120254938,35.030303661099744,-85.3121436483583,2,det_120254938_0_00227|det_120254938_1_00227,454.79,24.59,highway.motorway_link,1,1,24.4305,35358,0.0804,28.0954
593,120254939,35.03682139635716,-85.31934952280061,4,det_120254939_0_00267|det_120254939_1_00269|det_120254939_2_00270|det_120254939_3_00270,541.05,24.59,highway.motorway,2,1,23.7676,463608,0.2344,159.9219
594,120254939-AddedOffRampEdge,35.039346239477595,-85.317983400638,5,det_120254939nAddedOffRampEdge_0_00046|det_120254939nAddedOffRampEdge_1_00046|det_120254939nAddedOffRampEdge_2_00047|det_120254939nAddedOffRampEdge_3_00047|det_120254939nAddedOffRampEdge_4_00047,94.01,24.59,highway.motorway,1,2,23.7042,578535,0.1882,159.9697
595,120254940#0,35.043054839206114,-85.31408450120433,5,det_120254940s0_0_00011|det_120254940s0_1_00011|det_120254940s0_2_00011|det_120254940s0_3_00011|det_120254940s0_4_00011,23.56,24.59,highway.motorway,1,2,24.231,186030,0.0604,52.4681
596,120254940#1,35.04474839616163,-85.31404596172364,3,det_120254940s1_0_00173|det_120254940s1_1_00173|det_120254940s1_2_00172,346.04,24.59,highway.motorway,1,1,24.3099,109551,0.0982,51.3182
597,1203884058#0,35.04204369419908,-85.30980971022367,2,det_1203884058s0_0_00017|det_1203884058s0_1_00017,34.86,13.41,highway.primary,4,2,13.354,1146,0.0658,12.5089
598,1216083267#0,35.04021754886832,-85.2918507628731,1,det_1216083267s0_0_00043,87.39,13.41,highway.secondary,4,4,13.2104,41374,0.611,57.8892
599,1222405961,35.03171210225613,-85.31784602852606,3,det_1222405961_0_00075|det_1222405961_1_00075|det_1222405961_2_00075,151.85,24.59,highway.motorway_link,1,1,24.4105,76986,0.0714,37.5579
600,123896846#1,35.018978659677515,-85.3828235982806,2,det_123896846s1_0_00344|det_123896846s1_1_00343,688.0,29.06,highway.motorway,1,1,28.9502,3974,0.0326,13.232
601,123898101#1,35.018300014825655,-85.28639253655723,3,det_123898101s1_0_00217|det_123898101s1_1_00217|det_123898101s1_2_00217,435.21,24.59,highway.motorway,1,1,24.0684,331797,0.2951,153.0782
602,123898101#1-AddedOffRampEdge,35.01874240758734,-85.28931355741727,4,det_123898101s1nAddedOffRampEdge_0_00047|det_123898101s1nAddedOffRampEdge_1_00047|det_123898101s1nAddedOffRampEdge_2_00047|det_123898101s1nAddedOffRampEdge_3_00047,94.38,24.59,highway.motorway,1,2,24.2094,441564,0.2199,153.063
603,123898101#1-AddedOnRampEdge,35.017474763255,-85.28358130992906,4,det_123898101s1nAddedOnRampEdge_0_00047|det_123898101s1nAddedOnRampEdge_1_00047|det_123898101s1nAddedOnRampEdge_2_00047|det_123898101s1nAddedOnRampEdge_3_00047,94.42,24.59,highway.motorway,2,1,24.3343,441756,0.2187,153.0948
604,123898132#1,35.021977945476436,-85.29816841820846,4,det_123898132s1_0_00232|det_123898132s1_1_00232|det_123898132s1_2_00232|det_123898132s1_3_00232,465.05,24.59,highway.motorway,1,2,24.0671,559980,0.2786,192.7887
605,123898138#1,35.0151873170484,-85.27616073160097,3,det_123898138s1_0_00011|det_123898138s1_1_00011|det_123898138s1_2_00011,22.39,24.59,highway.motorway,1,1,24.513,12936,0.0284,15.3565
606,123898138#1-AddedOffRampEdge,35.01490516054965,-85.27551106965763,4,det_123898138s1nAddedOffRampEdge_0_00047|det_123898138s1nAddedOffRampEdge_1_00047|det_123898138s1nAddedOffRampEdge_2_00047|det_123898138s1nAddedOffRampEdge_3_00047,94.37,24.59,highway.motorway,1,2,24.5236,16440,0.0228,15.006
607,123898138#1-AddedOnRampEdge,35.01538592316367,-85.27684772267999,4,det_123898138s1nAddedOnRampEdge_0_00047|det_123898138s1nAddedOnRampEdge_1_00047|det_123898138s1nAddedOnRampEdge_2_00047|det_123898138s1nAddedOnRampEdge_3_00047,94.51,24.59,highway.motorway,2,1,24.522,18100,0.0232,15.3455
608,1256330915,35.01380009181024,-85.32796416078641,1,det_1256330915_0_00027,54.42,27.78,highway.primary,2,3,27.4637,51090,0.3608,71.1084
609,1275940700#3,35.01035064550328,-85.31681327078167,1,det_1275940700s3_0_00093,187.93,27.78,highway.secondary,3,2,27.5399,18606,0.1475,29.0378
610,1279011387#0,35.01810184523357,-85.28027499270286,2,det_1279011387s0_0_00049|det_1279011387s0_1_00049,98.37,15.65,highway.primary,3,4,15.5297,11918,0.0749,16.5976
611,1280476449#0,35.01587118607186,-85.27397359599716,3,det_1280476449s0_0_00011|det_1280476449s0_1_00011|det_1280476449s0_2_00011,23.24,15.65,highway.primary,3,2,15.6131,33051,0.0637,21.335
612,1282127893#0,35.03164277416012,-85.29562830719401,2,det_1282127893s0_0_00059|det_1282127893s0_1_00059,119.25,15.65,highway.primary,4,3,15.5364,62066,0.1986,44.2973
613,1282127893#10,35.03040062760402,-85.29221685408349,2,det_1282127893s10_0_00050|det_1282127893s10_1_00050,101.59,15.65,highway.primary,3,3,15.5418,59768,0.1917,42.7438
614,1282127893#11,35.02988408048117,-85.29083433386603,2,det_1282127893s11_0_00073|det_1282127893s11_1_00073,146.95,15.65,highway.primary,3,4,15.5402,58880,0.1895,42.2493
615,1282127893#14,35.0292878015978,-85.28908668126007,2,det_1282127893s14_0_00084|det_1282127893s14_1_00084,168.93,15.65,highway.primary,4,4,15.5315,55037,0.1789,39.8317
616,1282127893#4,35.03130532876009,-85.29472435018005,2,det_1282127893s4_0_00016|det_1282127893s4_1_00016,33.14,15.65,highway.primary,3,3,15.5386,61382,0.1966,43.8445
617,1282127893#5,35.03103945551519,-85.29387669197573,2,det_1282127893s5_0_00051|det_1282127893s5_1_00051,103.17,15.65,highway.primary,3,3,15.5421,61388,0.1965,43.8401
618,1282127893#8,35.03071724473576,-85.29304089754892,2,det_1282127893s8_0_00018|det_1282127893s8_1_00018,36.27,15.65,highway.primary,3,3,15.5418,61238,0.1959,43.6973
619,1282127894#0,35.0316693445081,-85.296388867166,3,det_1282127894s0_0_00017|det_1282127894s0_1_00017|det_1282127894s0_2_00017,35.54,15.65,highway.secondary,2,4,15.4105,104991,0.1495,49.4936
620,1282127896#0,35.03218144228441,-85.29618618774332,1,det_1282127896s0_0_00017,35.88,15.65,highway.secondary,4,3,15.451,37635,0.4777,52.8609
621,1282127896#3,35.03291948419053,-85.29579584374795,1,det_1282127896s3_0_00054,108.47,15.65,highway.secondary,3,3,15.4626,34934,0.4443,49.2136
622,1282127896#5,35.033701803756486,-85.29540947317726,1,det_1282127896s5_0_00024,49.76,15.65,highway.secondary,3,3,15.4542,34708,0.4422,48.9415
623,1282127896#6,35.034859029237175,-85.2948126370809,1,det_1282127896s6_0_00100,200.84,15.65,highway.secondary,3,2,15.4519,34062,0.4349,48.1196
624,128247465,35.03165964061259,-85.31803122648911,1,det_128247465_0_00067,135.54,22.22,highway.motorway_link,1,1,22.0526,16368,0.1698,26.7842
625,1313069515,35.06157439280941,-85.31742811266982,4,det_1313069515_0_00363|det_1313069515_1_00363|det_1313069515_2_00363|det_1313069515_3_00363,727.82,24.59,highway.motorway,1,1,24.5166,8300,0.0207,13.4015
626,1364772130#0,35.05222884557628,-85.31216221612888,4,det_1364772130s0_0_00026|det_1364772130s0_1_00026|det_1364772130s0_2_00026|det_1364772130s0_3_00026,53.25,13.41,highway.primary,1,4,13.3497,53892,0.0619,23.6359
627,136738772#0,35.02151252553786,-85.32008064315174,2,det_136738772s0_0_00063|det_136738772s0_1_00062,126.0,15.65,highway.primary,3,3,15.5298,55498,0.1803,40.1788
628,136754124,35.021533923082735,-85.31134266559339,1,det_136754124_0_00274,548.44,27.78,highway.secondary,3,4,27.1223,76021,0.5406,105.1951
629,1390815914,35.05215738144559,-85.30571134821147,3,det_1390815914_0_00016|det_1390815914_1_00016|det_1390815914_2_00016,33.49,13.41,highway.primary,1,4,13.3418,23019,0.0643,18.3877
630,1390816408,35.052285643226334,-85.30576492708552,2,det_1390816408_0_00021|det_1390816408_1_00021,42.86,13.41,highway.primary,4,1,13.277,96514,0.3537,67.4457
631,139744476#0,35.03818071161653,-85.29296903790095,1,det_139744476s0_0_00049,98.05,13.41,highway.secondary,4,4,13.2312,30449,0.4595,43.4915
632,139744478#0,35.043425504215584,-85.27893213231413,1,det_139744478s0_0_00091,183.05,15.65,highway.secondary,4,4,15.524,18519,0.2609,28.941
633,139744478#11,35.04155785400162,-85.27380166017538,1,det_139744478s11_0_00031,63.71,15.65,highway.secondary,3,3,15.5671,8635,0.1721,19.1186
634,139744478#4,35.04281895161454,-85.27726726087349,1,det_139744478s4_0_00060,120.28,15.65,highway.secondary,4,4,15.5278,16698,0.2446,27.1403
635,139744478#6,35.042408432561395,-85.27612041889846,1,det_139744478s6_0_00039,78.9,15.65,highway.secondary,4,3,15.5527,12106,0.2011,22.3159
636,139744478#7,35.04210876918517,-85.27528774628324,1,det_139744478s7_0_00029,58.14,15.65,highway.secondary,3,3,15.5553,11295,0.194,21.532
637,139744478#9,35.04183780867528,-85.27456093171597,1,det_139744478s9_0_00029,59.01,15.65,highway.secondary,3,3,15.5613,9213,0.1761,19.5529
638,139744479#0,35.048017174595806,-85.29121504891913,1,det_139744479s0_0_00061,123.29,13.41,highway.secondary,4,3,13.1621,63372,0.9298,87.7928
639,139744479#2,35.04731723035993,-85.2893592946771,1,det_139744479s2_0_00110,220.4,13.41,highway.secondary,3,4,13.146,61756,0.9079,85.5821
640,139744480#0,35.04663194484719,-85.28753249779992,1,det_139744480s0_0_00058,116.85,15.65,highway.secondary,4,4,15.474,26890,0.353,39.1415
641,139746239,35.044352750432616,-85.30904069293521,1,det_139746239_0_00034,69.9,13.41,highway.secondary,2,3,13.2837,29729,0.4484,42.7041
642,139746241#0,35.05176407989036,-85.30494087602,2,det_139746241s0_0_00046|det_139746241s0_1_00046,92.52,27.78,highway.primary,4,5,27.5704,89928,0.1586,62.8112
643,139746604#0,35.01885297318096,-85.2822995811869,2,det_139746604s0_0_00139|det_139746604s0_1_00139,278.23,15.65,highway.primary,3,3,15.5927,12072,0.0749,16.6587
644,139746608#0,35.02039411542688,-85.28647303141116,2,det_139746608s0_0_00017|det_139746608s0_1_00017,35.73,15.65,highway.primary,3,3,15.593,25610,0.1039,23.1599
645,139746608#3,35.0199780385844,-85.28542194160087,2,det_139746608s3_0_00074|det_139746608s3_1_00074,149.34,15.65,highway.primary,3,3,15.5966,19026,0.0891,19.8492
646,139746608#7,35.019567985687786,-85.28416403831305,2,det_139746608s7_0_00034|det_139746608s7_1_00034,68.69,15.65,highway.primary,3,3,15.6053,17986,0.0868,19.3316
647,140425772#0,35.04316639855963,-85.2941774464391,1,det_140425772s0_0_00078,157.9,11.18,highway.secondary,3,3,11.2348,1101,0.1598,12.808
648,1416583209#0,35.061633250771465,-85.30071614302761,3,det_1416583209s0_0_00074|det_1416583209s0_1_00074|det_1416583209s0_2_00074,149.93,27.78,highway.primary,1,1,27.487,154673,0.1207,71.4812
649,1416583209#1,35.062747323308784,-85.2992932722471,3,det_1416583209s1_0_00014|det_1416583209s1_1_00014|det_1416583209s1_2_00014,29.52,27.78,highway.primary,2,2,27.4516,160866,0.1261,74.5288
650,1416583218,35.060556612853226,-85.30181350847646,2,det_1416583218_0_00070|det_1416583218_1_00071,143.76,27.78,highway.primary,2,1,27.5367,79462,0.1415,55.9043
651,1419299894,35.03820756976472,-85.28085818044516,1,det_1419299894_0_00055,110.07,15.65,highway.secondary,4,4,15.5926,10840,0.1872,20.8693
652,143267708#0,35.02929146108398,-85.31575994482296,2,det_143267708s0_0_00091|det_143267708s0_1_00091,182.35,15.65,highway.primary,4,3,15.5368,50028,0.1655,36.8647
653,143267708#3,35.03092999514461,-85.31485639173923,2,det_143267708s3_0_00064|det_143267708s3_1_00064,129.31,15.65,highway.primary,3,4,15.5328,71182,0.2259,50.3544
654,143276606#0,35.05573053949311,-85.33244246328805,1,det_143276606s0_0_00310,621.05,27.78,highway.secondary,3,3,27.9875,404,0.0597,11.9409
655,1448041097,35.04728043984986,-85.30743946789502,2,det_1448041097_0_00013|det_1448041097_1_00013,27.36,13.41,highway.primary,3,3,13.3025,94906,0.3466,66.2252
656,1448111153#0,35.031801404609105,-85.30978768303964,3,det_1448111153s0_0_00079|det_1448111153s0_1_00079|det_1448111153s0_2_00079,159.41,17.88,highway.primary,4,4,17.8279,24144,0.0478,18.311
657,1448291353,35.05193823235234,-85.31403256131125,2,det_1448291353_0_00016|det_1448291353_1_00016,32.16,22.22,highway.motorway_link,1,1,22.1368,23086,0.0692,21.8891
658,1450910724#0,35.04297807678255,-85.31038075816042,2,det_1450910724s0_0_00098|det_1450910724s0_1_00097,197.38,27.78,highway.primary,4,2,27.7155,9358,0.0392,15.4014
659,1455825530,35.0525903217776,-85.31458721073305,3,det_1455825530_0_00379|det_1455825530_1_00379|det_1455825530_2_00379,759.97,24.59,highway.motorway,1,1,24.4054,78669,0.0726,38.1328
660,1476345361#0,35.044088767064814,-85.27974348674883,1,det_1476345361s0_0_00027,55.51,20.12,highway.secondary,4,3,19.9821,16114,0.1865,26.6225
661,1476345362#3,35.04751343708355,-85.27788109766072,1,det_1476345362s3_0_00148,297.14,20.12,highway.secondary,4,3,20.0045,7802,0.1264,18.0393
662,1476345362#4,35.05219980006042,-85.27491834458208,1,det_1476345362s4_0_00426,852.28,20.12,highway.secondary,3,1,20.0519,1946,0.0932,13.3136
663,1479890964,35.04480053321241,-85.31435466700097,1,det_1479890964_0_00073,146.3,22.22,highway.motorway_link,1,1,21.9177,52376,0.4637,72.9125
664,1480390454,35.04514931450313,-85.31314454487598,4,det_1480390454_0_00096|det_1480390454_1_00096|det_1480390454_2_00096|det_1480390454_3_00096,192.49,22.22,highway.motorway_link,1,1,22.1963,3958,0.0208,12.5112
665,1480850557,35.0516183988704,-85.31452915116405,3,det_1480850557_0_00413|det_1480850557_1_00414|det_1480850557_2_00414,828.48,24.59,highway.motorway,1,1,24.3712,95835,0.0865,45.3228
666,1480850557-AddedOffRampEdge,35.04739588501522,-85.3143384965401,4,det_1480850557nAddedOffRampEdge_0_00047|det_1480850557nAddedOffRampEdge_1_00047|det_1480850557nAddedOffRampEdge_2_00047|det_1480850557nAddedOffRampEdge_3_00047,94.46,24.59,highway.motorway,1,2,24.3928,126952,0.0648,45.2787
667,1482316314,35.0217511464889,-85.29204394652152,1,det_1482316314_0_00051,102.29,27.78,highway.secondary,4,3,27.6187,14013,0.1232,24.3148
668,1486914470#0,35.05238721962372,-85.30717359503967,3,det_1486914470s0_0_00010|det_1486914470s0_1_00010|det_1486914470s0_2_00010,20.35,13.41,highway.primary,1,4,13.2956,145152,0.2359,67.5902
669,1486914475#0,35.05227108564251,-85.3110277548919,4,det_1486914475s0_0_00017|det_1486914475s0_1_00017|det_1486914475s0_2_00017|det_1486914475s0_3_00017,35.36,13.41,highway.primary,1,4,13.3527,42452,0.055,21.0076
670,1486914476,35.052166801817265,-85.31279772715624,3,det_1486914476_0_00023|det_1486914476_1_00023|det_1486914476_2_00023,47.22,13.41,highway.primary,1,1,13.3432,40506,0.0828,23.6777
671,1486917664#0,35.04625858347843,-85.31347008817288,4,det_1486917664s0_0_00014|det_1486917664s0_1_00014|det_1486917664s0_2_00014|det_1486917664s0_3_00014,29.18,15.65,highway.primary,1,2,15.5779,55304,0.0545,24.2003
672,1486917664#1,35.046141731667184,-85.31298724064793,3,det_1486917664s1_0_00027|det_1486917664s1_1_00027|det_1486917664s1_2_00027,55.79,15.65,highway.primary,1,1,15.5802,37719,0.0684,22.8572
673,1486917665#0,35.046833607973134,-85.3148886792818,2,det_1486917665s0_0_00030|det_1486917665s0_1_00030,60.01,15.65,highway.primary,3,1,15.6079,14696,0.0797,17.779
674,1486917665#1,35.046667237999564,-85.31444141914065,3,det_1486917665s1_0_00011|det_1486917665s1_1_00011|det_1486917665s1_2_00011,23.02,15.65,highway.primary,2,1,15.5856,41529,0.0723,24.1912
675,1486917665#1-AddedOffRampEdge,35.046513484166404,-85.31390016747936,4,det_1486917665s1nAddedOffRampEdge_0_00032|det_1486917665s1nAddedOffRampEdge_1_00032|det_1486917665s1nAddedOffRampEdge_2_00032|det_1486917665s1nAddedOffRampEdge_3_00032,65.02,15.65,highway.primary,1,1,15.5807,55432,0.0543,24.1427
676,1486917666,35.047099873355684,-85.31561034609535,2,det_1486917666_0_00027|det_1486917666_1_00027,54.13,15.65,highway.secondary,1,3,15.6249,9590,0.0698,15.5826
677,1486917667#0,35.047827248174784,-85.31756118732454,2,det_1486917667s0_0_00050|det_1486917667s0_1_00050,101.57,15.65,highway.secondary,4,1,15.5972,12390,0.075,16.7231
678,1486917671,35.048660505565636,-85.3193437168457,3,det_1486917671_0_00028|det_1486917671_1_00028|det_1486917671_2_00028,57.66,15.65,highway.secondary,1,3,15.5834,31698,0.0627,20.9385
679,1486917673,35.04675039763849,-85.31423942337818,4,det_1486917673_0_00087|det_1486917673_1_00087|det_1486917673_2_00087|det_1486917673_3_00087,175.53,15.65,highway.primary,1,3,15.584,50436,0.0512,22.7256
680,1488370176,35.04973553162353,-85.32144397698895,2,det_1488370176_0_00023|det_1488370176_1_00023,47.76,13.41,highway.secondary,1,1,13.3395,44378,0.1757,33.5736
681,1488381208,35.035470754576856,-85.3172349101257,1,det_1488381208_0_00018,37.73,22.22,highway.secondary_link,1,3,22.0328,30036,0.2729,43.0721
682,1488381209,35.035749101589836,-85.31770422340203,3,det_1488381209_0_00018|det_1488381209_1_00018|det_1488381209_2_00018,37.94,17.88,highway.secondary,1,4,17.8297,23352,0.0472,18.0589
683,1488381210,35.03654218425509,-85.3188196496322,2,det_1488381210_0_00108|det_1488381210_1_00108,217.98,17.88,highway.secondary,1,1,17.8204,15576,0.0706,17.9618
684,1488381213#0,35.037355098457624,-85.32040050229867,2,det_1488381213s0_0_00061|det_1488381213s0_1_00062,124.04,17.88,highway.secondary,1,3,17.8,38694,0.1183,30.1635
685,1488381214#0,35.03864595642307,-85.32099067896235,2,det_1488381214s0_0_00084|det_1488381214s0_1_00085,170.53,17.88,highway.secondary,3,2,17.8017,27040,0.0932,23.7298
686,1488381215,35.038666062231506,-85.32111735686918,2,det_1488381215_0_00090|det_1488381215_1_00089,181.47,17.88,highway.secondary,2,3,17.8979,4104,0.0521,13.3134
687,1488381216#0,35.037295932306606,-85.32048299857522,2,det_1488381216s0_0_00065|det_1488381216s0_1_00064,130.71,17.88,highway.secondary,3,1,17.8267,15514,0.0702,17.8699
688,1493147950,35.05868237308949,-85.27550543348929,2,det_1493147950_0_00011|det_1493147950_1_00011,23.15,22.35,highway.primary,3,2,22.2287,21286,0.0662,20.9722
689,1493147951,35.05797301345241,-85.27622172337982,4,det_1493147951_0_00067|det_1493147951_1_00067|det_1493147951_2_00067|det_1493147951_3_00067,134.64,22.35,highway.primary,2,3,22.2183,69664,0.0443,27.8366
690,1493294414,35.01771513718938,-85.29333924518794,2,det_1493294414_0_00024|det_1493294414_1_00024,49.16,17.88,highway.trunk,2,2,17.6764,121612,0.3327,84.5225
691,1494687486,35.05174631767449,-85.29864640286473,2,det_1494687486_0_00040|det_1494687486_1_00040,80.06,22.22,highway.primary_link,2,3,21.9974,35452,0.0903,28.3364
692,1494687487,35.051567315393406,-85.29650929281573,3,det_1494687487_0_00032|det_1494687487_1_00032|det_1494687487_2_00032,64.93,22.35,highway.primary,1,2,22.1245,52665,0.0594,28.1882
693,1494705410,35.029950473412,-85.31423651287122,1,det_1494705410_0_00090,181.57,22.22,highway.motorway_link,3,3,21.9643,25886,0.2419,37.9524
694,1507147337,35.05068236153137,-85.30962255939741,2,det_1507147337_0_00021|det_1507147337_1_00021,43.03,13.41,highway.secondary,4,2,13.3831,7040,0.076,14.5119
695,1507147339#0,35.05205314735542,-85.30962582758112,2,det_1507147339s0_0_00013|det_1507147339s0_1_00013,26.88,13.41,highway.secondary,4,2,13.3772,4820,0.0721,13.7683
696,1507147340,35.053241814175095,-85.3096650834763,2,det_1507147340_0_00022|det_1507147340_1_00022,44.66,13.41,highway.secondary,2,2,13.363,17192,0.1002,19.1258
697,1507147341#0,35.054491923466436,-85.30970795719159,2,det_1507147341s0_0_00025|det_1507147341s0_1_00025,50.51,13.41,highway.secondary,4,2,13.3738,10772,0.0847,16.184
698,1507147342#0,35.05550849012172,-85.30977436156053,2,det_1507147342s0_0_00014|det_1507147342s0_1_00014,28.1,13.41,highway.secondary,3,2,13.367,6756,0.0761,14.5188
699,1509918788#1,35.02462775385319,-85.29917794569779,3,det_1509918788s1_0_00042|det_1509918788s1_1_00042|det_1509918788s1_2_00042,85.9,17.88,highway.primary,4,1,17.7786,43725,0.0653,24.96
700,1509918788#2,35.02453511384763,-85.29847236692794,4,det_1509918788s2_0_00018|det_1509918788s2_1_00019|det_1509918788s2_2_00019|det_1509918788s2_3_00019,38.08,17.88,highway.primary,2,4,17.701,284644,0.1937,98.5866
701,1509918790#1-AddedOnRampEdge,35.02501991712538,-85.30049651273264,4,det_1509918790s1nAddedOnRampEdge_0_00046|det_1509918790s1nAddedOnRampEdge_1_00046|det_1509918790s1nAddedOnRampEdge_2_00047|det_1509918790s1nAddedOnRampEdge_3_00047,94.27,17.88,highway.primary,2,1,17.7196,156804,0.1082,55.0622
702,1509918796#0,35.02829074894541,-85.29831429216813,1,det_1509918796s0_0_00227,454.77,15.65,highway.secondary,4,4,15.4375,35484,0.4498,49.7395
703,1510529085,35.03260155687629,-85.29792382068047,2,det_1510529085_0_00053|det_1510529085_1_00052,106.06,13.41,highway.primary,2,2,13.2385,150850,0.5501,104.6671
704,1510529086,35.032550375014516,-85.29795805614779,2,det_1510529086_0_00053|det_1510529086_1_00052,106.23,13.41,highway.primary,2,2,13.3082,60828,0.2275,43.4244
705,173793334#0,35.04119427899241,-85.3195986872324,2,det_173793334s0_0_00038|det_173793334s0_1_00038,76.87,17.88,highway.secondary,4,2,17.8018,26890,0.0938,23.8863
706,173793334#1,35.04188099897383,-85.31946593262151,2,det_173793334s1_0_00024|det_173793334s1_1_00024,48.92,17.88,highway.secondary,2,3,17.7914,26368,0.0931,23.6849
707,173793335#5,35.05448479313963,-85.3189155496958,1,det_173793335s5_0_00014,28.07,13.41,highway.secondary,3,3,13.3828,4410,0.1606,15.3287
708,173794310#0,35.04436345832422,-85.31615483080823,1,det_173794310s0_0_00019,38.8,22.22,highway.motorway_link,2,1,22.1674,1384,0.0833,13.1503
709,173794310#1,35.045495337945056,-85.31519787063368,1,det_173794310s1_0_00041,83.77,22.22,highway.motorway_link,1,1,22.1786,1840,0.0843,13.3392
710,173794310#1-AddedOnRampEdge,35.04494642010805,-85.31585812294449,2,det_173794310s1nAddedOnRampEdge_0_00047|det_173794310s1nAddedOnRampEdge_1_00047,94.14,22.22,highway.motorway_link,2,1,22.1848,3668,0.0424,13.3362
711,173794311,35.04445465925032,-85.31617899682541,1,det_173794311_0_00011,23.62,22.22,highway.motorway_link,2,1,22.2692,480,0.0777,12.3412
712,173860905,35.03115957462285,-85.31548487109895,1,det_173860905_0_00095,190.89,24.59,highway.motorway_link,1,1,24.1719,67748,0.5421,94.065
713,173860915,35.03075207155309,-85.32173247567573,1,det_173860915_0_00091,183.45,24.59,highway.motorway_link,1,1,23.9449,76404,0.6168,105.9161
714,174177140#0,35.01812375756104,-85.37998228709671,2,det_174177140s0_0_00068|det_174177140s0_1_00068,137.02,20.12,highway.primary,3,3,20.0289,28356,0.0849,24.3367
715,174177141,35.017892344031566,-85.38119715152727,1,det_174177141_0_00025,50.83,22.22,highway.primary_link,1,2,21.8899,26883,0.2523,39.4313
716,174321039#0,35.05469035301898,-85.28393647397198,2,det_174321039s0_0_00027|det_174321039s0_1_00027,54.7,22.35,highway.primary,2,2,22.1707,34910,0.0878,27.8336
717,174321040,35.05235879017559,-85.28984226623837,2,det_174321040_0_00585|det_174321040_1_00585,1171.4,22.35,highway.primary,2,1,22.167,35502,0.0886,28.0353
718,174321042#0,35.0525298248228,-85.30188365778947,2,det_174321042s0_0_00068|det_174321042s0_1_00068,136.05,17.88,highway.secondary,3,3,17.9405,4170,0.0517,13.2156
719,174645263,35.064516446640674,-85.3183838735932,4,det_174645263_0_00045|det_174645263_1_00045|det_174645263_2_00045|det_174645263_3_00045,91.9,24.59,highway.motorway,0,2,24.6246,0,0.0205,13.3333
720,180933336,35.030678095670325,-85.31516878256532,2,det_180933336_0_00186|det_180933336_1_00186,372.42,24.59,highway.motorway_link,1,1,24.3945,51664,0.1073,37.5238
721,183526666#0,35.04294657243006,-85.3204586799266,2,det_183526666s0_0_00109|det_183526666s0_1_00109,219.61,17.88,highway.secondary,3,3,17.7663,33938,0.1078,27.4104
722,183526669#0,35.05225361998781,-85.31150888587318,3,det_183526669s0_0_00018|det_183526669s0_1_00018|det_183526669s0_2_00018,36.55,13.41,highway.primary,4,1,13.3526,31845,0.0734,21.0154
723,183526670#0,35.05236191089928,-85.31223493911314,3,det_183526670s0_0_00032|det_183526670s0_1_00032|det_183526670s0_2_00032,64.9,13.41,highway.primary,4,2,13.2733,177993,0.2884,82.4745
724,183526720,35.040697499200185,-85.3194418926786,1,det_183526720_0_00028,57.78,13.41,highway.secondary,3,4,13.3699,4562,0.1629,15.5244
725,19486784,35.01817918156023,-85.29203296216153,1,det_19486784_0_00139,279.65,22.22,highway.motorway_link,2,1,22.1774,3846,0.0932,14.7403
726,19487199,35.01424429024029,-85.2733123655747,1,det_19487199_0_00162,325.93,22.22,highway.motorway_link,1,0,22.1473,2004,0.084,13.2642
727,19487478#0,35.050047075487406,-85.3139116024876,1,det_19487478s0_0_00429,858.07,22.22,highway.motorway_link,2,1,22.1423,10422,0.1302,20.5697
728,19487599#0,35.02690206286078,-85.36367403446714,1,det_19487599s0_0_00026,52.29,22.22,highway.motorway_link,3,1,21.8524,35583,0.3223,50.424
729,19487599#1,35.02782579189394,-85.36151558025001,1,det_19487599s1_0_00089,179.84,22.22,highway.motorway_link,1,1,21.4351,166725,1.4954,230.2011
730,19487599#1-AddedOnRampEdge,35.027243943967235,-85.362936754964,2,det_19487599s1nAddedOnRampEdge_0_00046|det_19487599s1nAddedOnRampEdge_1_00046,93.71,22.22,highway.motorway_link,2,1,21.4191,333436,0.7487,230.2747
731,19487686,35.016705364784926,-85.28204186239302,1,det_19487686_0_00141,283.91,22.22,highway.motorway_link,1,3,21.6377,76739,0.6823,105.8842
732,19487916#0,35.02897500448761,-85.30819179307285,1,det_19487916s0_0_00153,307.55,22.22,highway.motorway_link,1,1,21.9707,35922,0.3207,50.5054
733,19488521,35.01817958796328,-85.2953852313915,1,det_19488521_0_00260,521.56,22.22,highway.motorway_link,1,3,21.7978,65050,0.5746,89.8387
734,19488618#0,35.02852612998041,-85.36061394426294,1,det_19488618s0_0_00067,135.19,22.22,highway.motorway_link,1,1,20.2403,166386,1.5907,230.2726
735,19488618#0-AddedOffRampEdge,35.028361677775784,-85.36194647816951,3,det_19488618s0nAddedOffRampEdge_0_00047|det_19488618s0nAddedOffRampEdge_1_00047|det_19488618s0nAddedOffRampEdge_2_00047,94.74,22.22,highway.motorway_link,1,2,21.119,499113,0.5062,230.2743
736,19488618#1,35.02831596497944,-85.36287458163618,1,det_19488618s1_0_00033,67.95,22.22,highway.motorway_link,1,2,20.7515,121872,1.1373,168.8673
737,19488694,35.03195186095381,-85.31347931530519,1,det_19488694_0_00099,199.43,22.22,highway.motorway_link,3,1,22.1694,4198,0.0944,14.9174
738,19489156,35.03328829293575,-85.319705689435,1,det_19489156_0_00245,490.06,22.22,highway.motorway_link,1,1,21.6804,76597,0.681,105.9189
739,19489607,35.017473130957164,-85.38390977896434,1,det_19489607_0_00154,309.86,22.22,highway.motorway_link,1,3,22.2045,603,0.0766,12.1409
740,19489629#0-AddedOffRampEdge,35.02981317877554,-85.31037763401034,2,det_19489629s0nAddedOffRampEdge_0_00046|det_19489629s0nAddedOffRampEdge_1_00047,94.43,22.22,highway.motorway_link,1,2,22.0043,74900,0.1672,52.7428
741,19489629#1,35.0306845646203,-85.31056028076617,2,det_19489629s1_0_00035|det_19489629s1_1_00035,71.65,22.22,highway.motorway_link,1,2,22.1294,19228,0.0632,19.9402
742,19489629#2,35.03121739293758,-85.31064883475428,1,det_19489629s2_0_00019,39.01,22.22,highway.motorway_link,1,2,22.1446,284,0.0767,12.1242
743,19489764#0,35.052902500481565,-85.31364080692161,1,det_19489764s0_0_00120,241.77,22.22,highway.motorway_link,1,1,22.1129,8684,0.1211,19.1278
744,19489764#1,35.05520298051986,-85.31537617427338,1,det_19489764s1_0_00081,162.33,22.22,highway.motorway_link,1,1,22.0661,18714,0.1874,29.5672
745,19489764#1-AddedOnRampEdge,35.054059396362774,-85.31486360510914,2,det_19489764s1nAddedOnRampEdge_0_00046|det_19489764s1nAddedOnRampEdge_1_00046,93.92,22.22,highway.motorway_link,2,1,22.0662,37364,0.0934,29.4648
746,19490033#0,35.02452199089794,-85.29934373881123,1,det_19490033s0_0_00058,116.24,22.22,highway.motorway_link,1,1,21.6654,56583,0.5068,78.5955
747,19490082#0,35.031437106738,-85.31281591025244,1,det_19490082s0_0_00044,88.26,22.22,highway.motorway_link,2,1,22.1326,5434,0.1025,16.1902
748,19490082#1-AddedOnRampEdge,35.03106706370195,-85.31375430757244,2,det_19490082s1nAddedOnRampEdge_0_00048|det_19490082s1nAddedOnRampEdge_1_00048,97.11,22.22,highway.motorway_link,2,1,22.1274,18954,0.0629,19.8281
749,19490092,35.03049475014482,-85.313785388717,1,det_19490092_0_00077,154.35,22.22,highway.motorway_link,2,1,21.8667,67737,0.5989,94.0277
750,19490368#0,35.022558426334065,-85.299901873366,1,det_19490368s0_0_00143,286.42,22.22,highway.motorway_link,1,1,21.5098,83703,0.7495,115.5077
751,19490368#0-AddedOffRampEdge,35.02391305843194,-85.30023794165848,2,det_19490368s0nAddedOffRampEdge_0_00046|det_19490368s0nAddedOffRampEdge_1_00046,93.82,22.22,highway.motorway_link,1,2,21.7207,167010,0.3703,115.4657
752,19490368#1,35.024468562071455,-85.29981862651066,1,det_19490368s1_0_00022,45.14,22.22,highway.motorway_link,1,3,21.9439,26895,0.2492,39.0721
753,19491642,35.043744609118036,-85.31384493870095,2,det_19491642_0_00064|det_19491642_1_00064,129.85,22.22,highway.motorway_link,1,1,22.2008,1756,0.0397,12.5146
754,19492732#0,35.05891595023705,-85.33087245476752,1,det_19492732s0_0_00048,97.49,27.78,highway.secondary,3,3,27.6103,199,0.0615,12.0925
755,19492732#2,35.06183413382088,-85.33047056459469,1,det_19492732s2_0_00255,510.79,27.78,highway.secondary,3,3,27.6823,4630,0.0783,15.4376
756,19492732#5,35.07518998035526,-85.32874702387767,1,det_19492732s5_0_01221,2443.97,27.78,highway.secondary,3,1,27.7845,2018,0.0675,13.3716
757,19492902#0,35.03903846378819,-85.30756392180605,2,det_19492902s0_0_00054|det_19492902s0_1_00054,109.78,13.41,highway.secondary,4,3,13.2635,153830,0.5598,106.7583
758,19493014,35.03706783794667,-85.30975035776058,1,det_19493014_0_00042,85.41,13.41,highway.primary,4,4,13.3422,10744,0.2208,21.037
759,19493216#1,35.05783178570993,-85.27445470518774,2,det_19493216s1_0_00101|det_19493216s1_1_00101,202.94,27.78,highway.secondary,2,1,27.8034,3956,0.0336,13.2975
760,19493531#0,35.039368592407556,-85.28260999288119,1,det_19493531s0_0_00042,85.29,17.88,highway.secondary,4,3,17.7344,22123,0.2618,33.176
761,19493531#1,35.04092165417983,-85.28148302766182,1,det_19493531s1_0_00144,288.19,17.88,highway.secondary,3,3,17.7378,21190,0.2509,31.7789
762,19493531#3,35.04298062036215,-85.280345383275,1,det_19493531s3_0_00092,184.79,17.88,highway.secondary,3,4,17.7653,17373,0.2206,27.9904
763,19494818,35.0531427947239,-85.3041738530966,2,det_19494818_0_00052|det_19494818_1_00052,105.16,27.78,highway.primary,2,2,27.4166,179184,0.3153,124.2219
764,19497071#0-AddedOnRampEdge,35.02895399773161,-85.30541910669396,4,det_19497071s0nAddedOnRampEdge_0_00032|det_19497071s0nAddedOnRampEdge_1_00032|det_19497071s0nAddedOnRampEdge_2_00032|det_19497071s0nAddedOnRampEdge_3_00031,64.84,17.88,highway.primary,1,1,17.768,69200,0.0551,28.1033
765,19499415#0,35.03571443073035,-85.30759383659752,2,det_19499415s0_0_00044|det_19499415s0_1_00044,88.52,27.78,highway.secondary,4,3,27.4919,247314,0.4333,171.4027
766,19499415#1,35.034854712174614,-85.30807089324438,2,det_19499415s1_0_00046|det_19499415s1_1_00046,93.1,27.78,highway.secondary,3,4,27.3988,248266,0.4367,172.089
767,19499415#2,35.03346886117013,-85.30846047659374,2,det_19499415s2_0_00093|det_19499415s2_1_00093,187.5,27.78,highway.secondary,4,4,27.3989,251326,0.4418,174.1356
768,19499791,35.02129792090931,-85.34735235872526,1,det_19499791_0_00509,1019.04,27.78,highway.secondary,4,4,27.7742,3830,0.0748,14.8019
769,19501516#10,35.03470472784926,-85.27951453238494,1,det_19501516s10_0_00061,123.52,15.65,highway.primary,4,4,15.4541,31559,0.4079,45.1176
770,19501516#11,35.034196016615546,-85.27813179139054,1,det_19501516s11_0_00062,124.06,15.65,highway.primary,4,4,15.452,31170,0.4026,44.5165
771,19501516#13,35.03367244788393,-85.2767508251496,1,det_19501516s13_0_00062,124.39,15.65,highway.primary,4,4,15.4382,35780,0.4568,50.5123
772,19501516#15,35.03313962885859,-85.27532833116146,1,det_19501516s15_0_00065,131.61,15.65,highway.primary,4,3,15.4396,39139,0.4964,54.9332
773,19501516#17,35.03280799222909,-85.2744205431816,1,det_19501516s17_0_00010,20.96,15.65,highway.primary,3,3,15.4167,43918,0.556,61.4085
774,19501516#18,35.03253996580756,-85.27369734420935,1,det_19501516s18_0_00047,94.98,15.65,highway.primary,3,1,15.6267,1994,0.1183,13.1835
775,19501516#3,35.036761952345756,-85.2848598011774,1,det_19501516s3_0_00057,115.15,15.65,highway.primary,3,4,15.4421,31273,0.4036,44.5623
776,19501516#4,35.03619406427608,-85.28354797392055,1,det_19501516s4_0_00062,125.21,15.65,highway.primary,4,4,15.4438,38116,0.4847,53.6053
777,19501516#6,35.03570156992241,-85.28222408551063,1,det_19501516s6_0_00055,110.92,15.65,highway.primary,4,4,15.4464,34981,0.4479,49.5294
778,19501516#8,35.035211848550766,-85.2809025413037,1,det_19501516s8_0_00062,124.74,15.65,highway.primary,4,4,15.4497,32687,0.4212,46.5646
779,19501755#0,35.06258551613779,-85.30795811681874,2,det_19501755s0_0_00012|det_19501755s0_1_00012,25.14,27.78,highway.primary,2,3,27.6489,36866,0.0741,29.2895
780,19503247#0,35.03851074644561,-85.28310308568071,1,det_19503247s0_0_00041,83.76,15.65,highway.secondary,4,4,15.4811,34980,0.4455,49.4645
781,19503247#1,35.03774417275243,-85.28352035366704,1,det_19503247s1_0_00036,73.67,15.65,highway.secondary,4,3,15.4724,36379,0.4621,51.2958
782,19503247#10,35.03014648307761,-85.28754066971997,1,det_19503247s10_0_00033,66.87,15.65,highway.secondary,3,4,15.3956,44916,0.5691,62.8194
783,19503247#11,35.029407566729645,-85.2879415344072,1,det_19503247s11_0_00041,83.13,15.65,highway.secondary,4,4,15.3864,44831,0.5677,62.6257
784,19503247#14,35.028477991276894,-85.28842992976882,1,det_19503247s14_0_00049,99.9,15.65,highway.secondary,4,3,15.5407,14478,0.2227,24.738
785,19503247#16,35.02754499369773,-85.28893964720149,1,det_19503247s16_0_00049,98.4,15.65,highway.secondary,3,3,15.5427,14645,0.2241,24.8919
786,19503247#19,35.0265996151389,-85.2894517307892,1,det_19503247s19_0_00051,102.22,15.65,highway.secondary,3,4,15.5424,16037,0.2379,26.4257
787,19503247#2,35.03694543374655,-85.28398115711133,1,det_19503247s2_0_00046,93.69,15.65,highway.secondary,3,4,15.4508,36715,0.4672,51.7696
788,19503247#22,35.025631833189365,-85.28996189166165,1,det_19503247s22_0_00051,102.95,15.65,highway.secondary,4,3,15.5425,17896,0.2548,28.3319
789,19503247#23,35.0242172768964,-85.2907175262181,1,det_19503247s23_0_00105,211.09,15.65,highway.secondary,3,3,15.5546,18061,0.2568,28.5689
790,19503247#24,35.02278733239985,-85.29148911952112,1,det_19503247s24_0_00053,107.23,15.65,highway.secondary,3,4,15.5418,18790,0.2647,29.4074
791,19503247#3,35.03605261740089,-85.28449188346808,1,det_19503247s3_0_00044,89.31,15.65,highway.secondary,4,3,15.4727,37789,0.4796,53.2069
792,19503247#4,35.034545530801644,-85.28529711919857,1,det_19503247s4_0_00123,246.88,15.65,highway.secondary,3,3,15.457,38964,0.4917,54.4824
793,19503247#5,35.03333049762952,-85.28596322010793,1,det_19503247s5_0_00013,26.53,15.65,highway.secondary,2,2,15.4301,37044,0.4716,52.1344
794,19503247#6,35.032753664177235,-85.28625710581676,1,det_19503247s6_0_00047,94.95,15.65,highway.secondary,3,3,15.4298,40469,0.5127,56.7083
795,19503247#7,35.03188660754516,-85.28674702976927,1,det_19503247s7_0_00044,88.1,15.65,highway.secondary,3,3,15.4156,44587,0.5633,62.284
796,19503247#8,35.03096652452728,-85.28715164330958,1,det_19503247s8_0_00049,99.67,15.65,highway.secondary,3,3,15.4063,45112,0.5705,63.0442
797,19503656#0,35.013649802620456,-85.32551265604548,1,det_19503656s0_0_00095,190.04,27.78,highway.secondary,3,4,27.718,4172,0.0774,15.3174
798,19503656#6,35.01178180875332,-85.3265858814345,1,det_19503656s6_0_00119,238.7,27.78,highway.secondary,4,3,27.6432,11250,0.1096,21.6299
799,19505254,35.03919434368414,-85.29031939727491,1,det_19505254_0_00144,288.13,15.65,highway.primary,2,2,15.4589,32249,0.4134,45.7703
800,19505891#0,35.015292230049404,-85.32396394489014,2,det_19505891s0_0_00039|det_19505891s0_1_00039,78.89,27.78,highway.primary,3,3,27.547,100854,0.1773,70.1451
801,19505891#2,35.014776649125785,-85.32475883515227,2,det_19505891s2_0_00038|det_19505891s2_1_00038,76.41,27.78,highway.primary,3,3,27.5016,95826,0.1692,66.757
802,19507256#0,35.058943369761856,-85.32469451548027,1,det_19507256s0_0_00016,33.28,27.78,highway.secondary,3,3,27.7033,7250,0.0909,17.9486
803,19507256#2,35.05496646129811,-85.32679536490282,1,det_19507256s2_0_00515,1030.52,27.78,highway.secondary,2,3,27.7,6740,0.0873,17.2567
804,19507256#26,35.05289385072344,-85.33239762105576,1,det_19507256s26_0_00057,115.81,27.78,highway.secondary,3,3,27.8235,1787,0.067,13.2799
805,19509304#0,35.02580334217919,-85.29901673537503,1,det_19509304s0_0_00053,106.79,17.88,highway.secondary,4,3,17.7515,12719,0.1801,22.8554
806,19509304#1,35.02517693416953,-85.29856700329096,1,det_19509304s1_0_00012,25.82,17.88,highway.secondary,3,3,17.7559,14260,0.1942,24.6404
807,19509304#2,35.02486663665052,-85.29831385737614,1,det_19509304s2_0_00019,38.83,17.88,highway.secondary,2,4,17.744,12921,0.183,23.1959
808,19509556,35.03125271658408,-85.32025082426966,1,det_19509556_0_00228,457.28,22.22,highway.motorway_link,1,1,21.2157,88889,0.809,122.7337
809,19509587,34.9994302779371,-85.39703960644616,2,det_19509587_0_02149|det_19509587_1_02149,4299.41,29.06,highway.motorway,0,1,28.9983,3970,0.0329,13.3073
810,19509587-AddedOffRampEdge,35.016281045680564,-85.38563530092416,3,det_19509587nAddedOffRampEdge_0_00047|det_19509587nAddedOffRampEdge_1_00047|det_19509587nAddedOffRampEdge_2_00047,94.42,29.06,highway.motorway,1,2,28.9723,5955,0.0225,13.5069
811,19509706,35.05140949707471,-85.29652643129852,1,det_19509706_0_00016,32.29,22.22,highway.primary_link,1,1,22.09,17089,0.1741,27.521
812,19509706-AddedOnRampEdge,35.051098908575476,-85.29720700656031,2,det_19509706nAddedOnRampEdge_0_00046|det_19509706nAddedOnRampEdge_1_00047,94.02,22.22,highway.primary_link,2,1,22.0894,34194,0.0868,27.4329
813,19509900#0,35.024172033864936,-85.27636375532452,1,det_19509900s0_0_00048,96.43,27.78,highway.secondary,3,3,27.3436,68438,0.4841,95.0514
814,19509900#1,35.02327875652144,-85.27684339374954,1,det_19509900s1_0_00045,91.39,27.78,highway.secondary,3,4,27.3129,70029,0.4957,97.2125
815,19509900#2,35.02238215086717,-85.27732248791654,1,det_19509900s2_0_00048,96.96,27.78,highway.secondary,4,3,27.2958,73960,0.5236,102.6208
816,19509900#3,35.021684914546384,-85.27770699997419,1,det_19509900s3_0_00021,43.95,27.78,highway.secondary,3,3,27.2465,75911,0.5386,105.3589
817,19509900#4,35.02106608725282,-85.27805839296134,1,det_19509900s4_0_00039,78.44,27.78,highway.secondary,3,3,27.298,77907,0.5516,108.1204
818,19509900#5,35.020130037107194,-85.2785691254797,1,det_19509900s5_0_00060,120.38,27.78,highway.secondary,3,3,27.271,78646,0.5573,109.1103
819,19509900#6,35.018776935582,-85.27930170451629,1,det_19509900s6_0_00089,179.47,27.78,highway.secondary,3,4,27.2622,82583,0.5854,114.5876
820,19511936#0,35.03252095688178,-85.31103966892017,3,det_19511936s0_0_00043|det_19511936s0_1_00043|det_19511936s0_2_00043,87.07,17.88,highway.primary,4,4,17.772,92160,0.1151,43.9891
821,19511936#2,35.03283790725488,-85.31206717818523,3,det_19511936s2_0_00041|det_19511936s2_1_00042|det_19511936s2_2_00042,84.0,17.88,highway.primary,3,4,17.7785,86670,0.1088,41.6064
822,19511936#3,35.03322475323633,-85.31302743191038,3,det_19511936s3_0_00040|det_19511936s3_1_00040|det_19511936s3_2_00040,81.96,17.88,highway.primary,4,4,17.7756,83772,0.106,40.4861
823,19513456#0,35.03586294430461,-85.30660209817995,1,det_19513456s0_0_00062,124.79,13.41,highway.primary,4,3,13.3062,25294,0.3897,37.1313
824,19514991,35.020723305848975,-85.29317859353837,1,det_19514991_0_00082,165.33,27.78,highway.secondary,3,3,27.6415,13143,0.1172,23.1323
825,19515157#0,35.01824133888668,-85.3125352708147,1,det_19515157s0_0_00094,189.96,27.78,highway.secondary,4,3,27.1534,67533,0.4814,93.7567
826,19515157#3,35.01614644523317,-85.31367419353526,1,det_19515157s3_0_00145,290.28,27.78,highway.secondary,3,4,27.0966,67490,0.4807,93.3902
827,19515373#0,35.01562962370674,-85.28094618007395,1,det_19515373s0_0_00026,52.08,27.78,highway.secondary,3,3,27.5415,27000,0.1995,39.354
828,19515373#10,35.013233360053924,-85.28222832116222,1,det_19515373s10_0_00015,30.55,27.78,highway.secondary,3,4,27.5446,22143,0.1704,33.5714
829,19515373#14,35.01252859111739,-85.2826077854512,1,det_19515373s14_0_00015,30.1,27.78,highway.secondary,4,3,27.6502,14388,0.1256,24.7993
830,19515373#16,35.01191043913604,-85.28294064189564,1,det_19515373s16_0_00019,39.21,27.78,highway.secondary,3,3,27.636,13524,0.1212,23.9318
831,19515373#17,35.01153255127232,-85.28314413902527,1,det_19515373s17_0_00011,23.69,27.78,highway.secondary,3,4,27.5522,13426,0.1213,23.8092
832,19515373#2,35.01505056426398,-85.28126118163993,1,det_19515373s2_0_00029,59.91,27.78,highway.secondary,3,3,27.5417,26285,0.1951,38.4806
833,19515373#6,35.01455961092453,-85.28151618350319,1,det_19515373s6_0_00014,29.77,27.78,highway.secondary,3,3,27.5304,25595,0.1916,37.7578
834,19515373#7,35.01422785182908,-85.2816928975638,1,det_19515373s7_0_00010,21.76,27.78,highway.secondary,3,3,27.5473,24348,0.1836,36.2154
835,19515373#8,35.01385810369488,-85.28189196467996,1,det_19515373s8_0_00019,39.16,27.78,highway.secondary,3,3,27.5446,23876,0.1809,35.6818
836,196862660#0,35.035195600362634,-85.3048733718365,1,det_196862660s0_0_00037,75.65,13.41,highway.primary,4,3,13.3007,25443,0.3927,37.3766
837,196862691,35.04646461296827,-85.30950162080244,2,det_196862691_0_00064|det_196862691_1_00064,129.03,13.41,highway.secondary,3,4,13.3682,7988,0.0777,14.8273
838,215311858#0,35.044682032278445,-85.29821257451361,1,det_215311858s0_0_00069,138.47,11.18,highway.secondary,2,4,11.1921,1247,0.1588,12.6804
839,215429505#0,35.06411243601229,-85.29697470764934,2,det_215429505s0_0_00045|det_215429505s0_1_00045,91.6,27.78,highway.primary,3,3,27.6625,22376,0.0542,21.3837
840,277749818#1,35.01663330807387,-85.28075372144416,3,det_277749818s1_0_00224|det_277749818s1_1_00224|det_277749818s1_2_00224,448.28,24.59,highway.motorway,1,1,24.5032,4671,0.0235,12.9122
841,277749819#1,35.0145739042022,-85.27402521662893,3,det_277749819s1_0_00090|det_277749819s1_1_00090|det_277749819s1_2_00089,180.32,24.59,highway.motorway,1,0,24.5758,5754,0.0246,13.4562
842,289128743#0,35.02342001547819,-85.34159764541951,2,det_289128743s0_0_00381|det_289128743s0_1_00380,763.23,27.78,highway.primary,3,3,27.5165,66804,0.1196,47.1308
843,289128743#3,35.02251673442173,-85.34660999082341,2,det_289128743s3_0_00140|det_289128743s3_1_00140,281.97,27.78,highway.primary,3,3,27.5523,58830,0.1065,42.0014
844,289128743#4,35.02063493434007,-85.3496502512461,2,det_289128743s4_0_00196|det_289128743s4_1_00197,394.49,27.78,highway.primary,3,3,27.5336,59554,0.1077,42.4527
845,289128743#5,35.02031873396849,-85.35239757310411,2,det_289128743s5_0_00095|det_289128743s5_1_00096,192.21,27.78,highway.primary,3,3,27.5382,63611,0.1146,45.2006
846,289303287,35.05236983637005,-85.30677765654583,2,det_289303287_0_00017|det_289303287_1_00017,35.91,13.41,highway.primary,4,1,13.2651,96752,0.3545,67.5296
847,343313808,35.02342422214221,-85.31897785434752,2,det_343313808_0_00156|det_343313808_1_00156,313.26,15.65,highway.primary,3,2,15.5149,57534,0.1857,41.3171
848,345576456,35.01793569569118,-85.38062082583987,1,det_345576456_0_00029,58.5,22.22,highway.primary_link,2,1,22.1799,6541,0.1088,17.2054
849,359246120#0,35.06141911553741,-85.31711617025078,2,det_359246120s0_0_00019|det_359246120s0_1_00019,39.2,22.22,highway.motorway_link,1,3,21.934,85506,0.1902,59.8297
850,37764649#0,35.061047733341866,-85.30317053960546,1,det_37764649s0_0_00019,38.55,22.22,highway.primary_link,2,2,22.1615,7853,0.1158,18.3307
851,37764649#3,35.06096050173891,-85.30120844460878,1,det_37764649s3_0_00160,320.9,22.22,highway.primary_link,2,1,22.17,2403,0.0854,13.519
852,37764745#1,35.061072325784004,-85.30172925111069,1,det_37764745s1_0_00015,30.59,27.78,highway.primary,2,2,27.4159,37182,0.266,52.2765
853,37965101,35.01517819129702,-85.27582821860389,3,det_37965101_0_00204|det_37965101_1_00204|det_37965101_2_00205,409.99,24.59,highway.motorway,0,2,24.5235,6042,0.0241,13.2138
854,37965183,35.01649041976091,-85.27929739697156,1,det_37965183_0_00096,192.56,22.22,highway.motorway_link,1,3,22.286,648,0.079,12.5541
855,37965237,35.017653166760155,-85.29498269296084,1,det_37965237_0_00190,381.4,22.22,highway.motorway_link,1,1,22.2185,1320,0.0812,12.8571
856,37965238,35.01994185811275,-85.29507472815051,1,det_37965238_0_00131,262.45,22.22,highway.motorway_link,1,2,22.2327,697,0.0779,12.3363
857,37965241,35.01975463930995,-85.29218101302308,1,det_37965241_0_00181,362.25,22.22,highway.motorway_link,1,1,21.9695,50515,0.4444,70.0705
858,37965242,35.01960404092933,-85.2917736931931,1,det_37965242_0_00200,401.85,22.22,highway.motorway_link,1,2,22.2041,5663,0.1014,16.0539
859,37965243#1,35.01716554589236,-85.29318175912005,2,det_37965243s1_0_00021|det_37965243s1_1_00021,43.77,17.88,highway.trunk,4,3,17.7161,128794,0.3514,89.5032
860,37965334#0,35.024341219925745,-85.29728274771541,2,det_37965334s0_0_00047|det_37965334s0_1_00047,95.28,17.88,highway.primary,4,2,17.769,41244,0.1238,31.5115
861,38132485,35.02702305455214,-85.30506379980743,3,det_38132485_0_00099|det_38132485_1_00099|det_38132485_2_00099,199.14,24.59,highway.motorway_link,1,1,24.2579,271857,0.2402,125.681
862,38132485-AddedOffRampEdge,35.027738549871245,-85.30651942024896,4,det_38132485nAddedOffRampEdge_0_00047|det_38132485nAddedOffRampEdge_1_00047|det_38132485nAddedOffRampEdge_2_00047|det_38132485nAddedOffRampEdge_3_00047,94.34,24.59,highway.motorway_link,1,2,24.2889,362560,0.1799,125.7198
863,38132486#0,35.02692142908425,-85.31079540117017,1,det_38132486s0_0_00038,77.03,15.65,highway.secondary,3,3,15.2751,82869,1.0488,114.9857
864,38132486#1,35.02765016374609,-85.31034418825938,2,det_38132486s1_0_00037|det_38132486s1_1_00037,75.42,15.65,highway.secondary,3,2,15.3702,171660,0.5392,119.078
865,38132486#2,35.028156836535985,-85.31010272699345,1,det_38132486s2_0_00019,38.92,15.65,highway.secondary,1,3,15.4685,23902,0.3219,35.6229
866,38132486#4,35.029181879001094,-85.30954350728152,1,det_38132486s4_0_00093,187.61,15.65,highway.secondary,3,1,15.4455,39189,0.4977,55.0647
867,38132487#0,35.02821001365553,-85.30997750339937,1,det_38132487s0_0_00030,60.22,24.59,highway.motorway_link,1,1,24.19,61908,0.4956,86.0506
868,38132487#2,35.02761522189511,-85.30743329553236,1,det_38132487s2_0_00109,218.63,24.59,highway.motorway_link,1,1,24.0719,101693,0.8157,141.0339
869,38132487#2-AddedOnRampEdge,35.02810089710591,-85.30913316978746,2,det_38132487s2nAddedOnRampEdge_0_00047|det_38132487s2nAddedOnRampEdge_1_00047,94.35,24.59,highway.motorway_link,2,1,24.0505,203436,0.4085,141.0699
870,38132488#0,35.03032957909889,-85.30954579418635,1,det_38132488s0_0_00109,218.04,22.22,highway.motorway_link,1,1,22.0269,27825,0.256,40.3767
871,38132489,35.031207715353,-85.3107339080076,1,det_38132489_0_00021,42.91,22.22,highway.motorway_link,1,2,21.9059,9333,0.1265,19.7398
872,38196756#1,35.031924882734714,-85.32028267124369,2,det_38196756s1_0_00278|det_38196756s1_1_00277,556.5,24.59,highway.motorway,1,1,23.9088,264056,0.5317,182.6324
873,38196756#1-AddedOnRampEdge,35.03191648330551,-85.31679331230232,3,det_38196756s1nAddedOnRampEdge_0_00047|det_38196756s1nAddedOnRampEdge_1_00047|det_38196756s1nAddedOnRampEdge_2_00047,94.9,24.59,highway.motorway,2,1,24.1007,395553,0.3516,182.6842
874,38196758,35.03356665720881,-85.31841647790793,1,det_38196758_0_00099,198.41,24.59,highway.motorway_link,1,1,23.4909,88707,0.7309,122.8093
875,38219624#1,35.01952531594882,-85.33516893343739,2,det_38219624s1_0_01822|det_38219624s1_1_01823,3647.03,24.59,highway.motorway,1,1,22.8286,416856,0.8783,287.6191
876,38219624#1-AddedOnRampEdge,35.02957146053315,-85.32232412859484,3,det_38219624s1nAddedOnRampEdge_0_00047|det_38219624s1nAddedOnRampEdge_1_00047|det_38219624s1nAddedOnRampEdge_2_00047,94.74,24.59,highway.motorway,2,1,23.8385,624669,0.5602,288.0055
877,38219629,35.03609168560496,-85.31958733725355,4,det_38219629_0_00066|det_38219629_1_00066|det_38219629_2_00066|det_38219629_3_00066,132.19,24.59,highway.motorway,1,2,24.1346,473680,0.2364,164.0309
878,38219637,35.0323130674515,-85.31710472792923,3,det_38219637_0_00275|det_38219637_1_00276|det_38219637_2_00276,553.14,24.59,highway.motorway_link,2,1,24.3774,81624,0.0751,39.4319
879,38219640,35.028655822479664,-85.30977443492857,4,det_38219640_0_00351|det_38219640_1_00351|det_38219640_2_00351|det_38219640_3_00351,703.68,24.59,highway.motorway,2,1,23.4892,486804,0.2493,167.8283
880,38221225,35.040911297862316,-85.31539334142751,4,det_38221225_0_00244|det_38221225_1_00244|det_38221225_2_00244|det_38221225_3_00243,489.73,24.59,highway.motorway,1,1,24.3367,149596,0.0752,52.4165
881,38221228#1,35.037077955957415,-85.31972617461153,4,det_38221228s1_0_00043|det_38221228s1_1_00043|det_38221228s1_2_00043|det_38221228s1_3_00043,86.96,24.59,highway.motorway,2,1,23.8102,473732,0.2401,164.0655
882,38221231#1,35.0400141625543,-85.31723424389297,3,det_38221231s1_0_00375|det_38221231s1_1_00375|det_38221231s1_2_00375,751.48,24.59,highway.motorway,1,1,24.1246,243624,0.2162,112.3597
883,38221231#1-AddedOnRampEdge,35.043002452935056,-85.31445033819203,5,det_38221231s1nAddedOnRampEdge_0_00046|det_38221231s1nAddedOnRampEdge_1_00046|det_38221231s1nAddedOnRampEdge_2_00047|det_38221231s1nAddedOnRampEdge_3_00047|det_38221231s1nAddedOnRampEdge_4_00047,94.13,24.59,highway.motorway,2,1,24.2619,404855,0.1289,112.3996
884,38221234,35.04535912489976,-85.31348515966171,1,det_38221234_0_00130,260.29,22.22,highway.motorway_link,1,1,22.1956,1422,0.0807,12.7534
885,38221235#0,35.04615439792745,-85.31573317341164,1,det_38221235s0_0_00132,264.87,22.22,highway.motorway_link,1,1,22.0913,1621,0.0827,13.0375
886,38221235#1,35.043940039855904,-85.31434881992713,1,det_38221235s1_0_00053,107.72,22.22,highway.motorway_link,1,1,22.1574,3245,0.0913,14.4418
887,38221235#1-AddedOnRampEdge,35.04489537729095,-85.31455027193824,2,det_38221235s1nAddedOnRampEdge_0_00046|det_38221235s1nAddedOnRampEdge_1_00046,93.59,22.22,highway.motorway_link,2,1,22.1468,6472,0.0463,14.5639
888,38221236#0,35.0489406251662,-85.32064845856907,3,det_38221236s0_0_00077|det_38221236s0_1_00077|det_38221236s0_2_00077,154.96,15.65,highway.secondary,3,3,15.6096,20505,0.0517,17.2926
889,38221238#1,35.04377891630871,-85.31422790853105,4,det_38221238s1_0_00037|det_38221238s1_1_00037|det_38221238s1_2_00037|det_38221238s1_3_00037,75.12,24.59,highway.motorway,2,1,24.3287,310660,0.1541,107.8173
890,38221239,35.04554555064033,-85.31423178165794,3,det_38221239_0_00155|det_38221239_1_00155|det_38221239_2_00155,310.51,24.59,highway.motorway,1,1,24.4011,76482,0.0708,37.1723
891,38221241,35.04775302014158,-85.31408426275779,4,det_38221241_0_00157|det_38221241_1_00157|det_38221241_2_00157|det_38221241_3_00157,314.29,24.59,highway.motorway,2,2,24.2524,151088,0.0762,52.9489
892,38221685,35.05832642960156,-85.31659653883138,4,det_38221685_0_00307|det_38221685_1_00307|det_38221685_2_00307|det_38221685_3_00307,615.92,24.59,highway.motorway,1,2,24.3288,139492,0.0705,49.1342
893,38221685-AddedOnRampEdge,35.06149504652185,-85.31760118991274,5,det_38221685nAddedOnRampEdge_0_00047|det_38221685nAddedOnRampEdge_1_00047|det_38221685nAddedOnRampEdge_2_00047|det_38221685nAddedOnRampEdge_3_00047|det_38221685nAddedOnRampEdge_4_00047,94.45,24.59,highway.motorway,2,1,24.409,173210,0.056,49.0185
894,38221686,35.05979729503791,-85.31668532461181,1,det_38221686_0_00156,313.35,22.22,highway.motorway_link,1,1,21.9063,42942,0.3807,59.8033
895,38221688,35.06290970534975,-85.31801254926019,4,det_38221688_0_00110|det_38221688_1_00110|det_38221688_2_00110|det_38221688_3_00110,221.92,24.59,highway.motorway,1,1,24.6118,6968,0.0205,13.306
896,38255278#0,35.01994208706783,-85.32814052715028,2,det_38255278s0_0_00457|det_38255278s0_1_00457,915.94,24.59,highway.motorway,1,1,22.4701,426772,0.9131,293.9883
897,38255278#0-AddedOffRampEdge,35.02367589118908,-85.32497773050048,3,det_38255278s0nAddedOffRampEdge_0_00047|det_38255278s0nAddedOffRampEdge_1_00047|det_38255278s0nAddedOffRampEdge_2_00047,94.39,24.59,highway.motorway,1,2,23.0822,639534,0.5914,293.9299
898,38255278#1,35.02653031300912,-85.32363358272688,2,det_38255278s1_0_00289|det_38255278s1_1_00289,578.28,24.59,highway.motorway,1,1,22.8798,369472,0.7765,254.5168
899,38255278#1-AddedOffRampEdge,35.02940369858511,-85.32220456908175,3,det_38255278s1nAddedOffRampEdge_0_00047|det_38255278s1nAddedOffRampEdge_1_00047|det_38255278s1nAddedOffRampEdge_2_00047,94.46,24.59,highway.motorway,1,2,23.6268,553584,0.5001,254.6041
900,38255278#2,35.03212584350031,-85.31798204659509,2,det_38255278s2_0_00490|det_38255278s2_1_00492,984.6,24.59,highway.motorway,1,1,23.5422,192138,0.3936,132.6493
901,38255283#1,35.02724245657885,-85.36466081286852,2,det_38255283s1_0_00383|det_38255283s1_1_00383,766.06,29.06,highway.motorway,1,1,28.6099,93302,0.1582,64.8832
902,38255286#0,35.0265627080151,-85.36702113588638,1,det_38255286s0_0_00155,311.69,22.22,highway.motorway_link,1,1,22.1122,5741,0.103,16.2481
903,38255286#0-AddedOffRampEdge,35.02692399961204,-85.36475307863756,2,det_38255286s0nAddedOffRampEdge_0_00046|det_38255286s0nAddedOffRampEdge_1_00046,93.91,22.22,highway.motorway_link,1,2,22.1252,11048,0.0519,16.3295
904,38255286#1,35.026897165056866,-85.36404323269699,1,det_38255286s1_0_00016,32.7,22.22,highway.motorway_link,1,3,21.9716,730,0.0804,12.5381
905,38255287,35.02704281540371,-85.36404854459606,1,det_38255287_0_00014,29.16,22.22,highway.motorway_link,1,3,21.988,4824,0.1016,15.8662
906,38255290#0,35.028302542935876,-85.36347547031379,1,det_38255290s0_0_00017,35.56,22.22,highway.motorway_link,2,1,22.1885,3685,0.0935,14.808
907,38255290#1,35.02742538137894,-85.36558684186295,1,det_38255290s1_0_00091,183.04,22.22,highway.motorway_link,1,1,22.1787,4505,0.0964,15.252
908,38255290#1-AddedOnRampEdge,35.02803937482816,-85.36416706269574,2,det_38255290s1nAddedOnRampEdge_0_00046|det_38255290s1nAddedOnRampEdge_1_00046,93.62,22.22,highway.motorway_link,2,1,22.1648,8996,0.0483,15.2153
909,38255291,35.02817097882728,-85.36354228214229,1,det_38255291_0_00010,20.03,22.22,highway.motorway_link,3,1,22.0425,845,0.0804,12.6354
910,38255292,35.0282335864137,-85.36285317195494,2,det_38255292_0_00034|det_38255292_1_00033,68.35,22.22,highway.motorway_link,1,3,21.3096,88978,0.2049,62.266
911,38255294#1,35.026369168744395,-85.34475223033587,2,det_38255294s1_0_01415|det_38255294s1_1_01415,2831.93,29.06,highway.motorway,1,1,27.2611,426748,0.7519,294.1737
912,38255294#1-AddedOnRampEdge,35.028283755537544,-85.36008251118193,3,det_38255294s1nAddedOnRampEdge_0_00047|det_38255294s1nAddedOnRampEdge_1_00047|det_38255294s1nAddedOnRampEdge_2_00047,94.42,29.06,highway.motorway,2,1,28.5734,639501,0.4772,294.2765
913,38255296#1,35.02528776561413,-85.37443898081528,2,det_38255296s1_0_00645|det_38255296s1_1_00644,1290.48,29.06,highway.motorway,1,1,28.2836,92980,0.1601,64.6443
914,38255296#1-AddedOffRampEdge,35.02181632527807,-85.38052673126964,3,det_38255296s1nAddedOffRampEdge_0_00047|det_38255296s1nAddedOffRampEdge_1_00047|det_38255296s1nAddedOffRampEdge_2_00047,94.41,29.06,highway.motorway,1,2,28.1487,138816,0.1075,64.6245
915,38255296#1-AddedOnRampEdge,35.02697802166754,-85.36704210946714,3,det_38255296s1nAddedOnRampEdge_0_00047|det_38255296s1nAddedOnRampEdge_1_00047|det_38255296s1nAddedOnRampEdge_2_00047,94.51,29.06,highway.motorway,2,1,28.3585,138900,0.1065,64.6667
916,393463230#0,35.050465258773485,-85.2989323099708,3,det_393463230s0_0_00074|det_393463230s0_1_00074|det_393463230s0_2_00073,149.96,27.78,highway.primary,3,2,27.4619,245655,0.1913,113.3136
917,394075886#0,35.0480562678573,-85.30646647183593,1,det_394075886s0_0_00041,83.7,11.18,highway.secondary,3,4,11.1804,1433,0.1595,12.7362
918,394075887#0,35.046428175226445,-85.30288013134336,1,det_394075887s0_0_00122,244.08,11.18,highway.secondary,4,4,11.1354,1191,0.1552,12.339
919,39414481#1,35.01890833956873,-85.38326457462614,2,det_39414481s1_0_00358|det_39414481s1_1_00358,716.2,29.06,highway.motorway,1,1,28.9692,3978,0.0325,13.194
920,39452644,35.020173929311305,-85.38242290235809,1,det_39452644_0_00201,403.3,22.22,highway.motorway_link,1,3,21.5774,44484,0.4023,61.898
921,39452645,35.01877453951681,-85.38450855096164,1,det_39452645_0_00032,65.34,22.22,highway.motorway_link,1,1,22.3108,293,0.0762,12.0825
922,39452646,35.018636191939,-85.38216547730491,1,det_39452646_0_00034,68.15,22.22,highway.motorway_link,1,1,21.9505,34439,0.3099,48.7206
923,39452648#1,35.02482578773976,-85.37531459168169,2,det_39452648s1_0_00519|det_39452648s1_1_00520,1040.78,29.06,highway.motorway,1,1,28.5389,104352,0.1769,72.3494
924,39452648#1-AddedOffRampEdge,35.0261766476702,-85.36923017558672,3,det_39452648s1nAddedOffRampEdge_0_00047|det_39452648s1nAddedOffRampEdge_1_00047|det_39452648s1nAddedOffRampEdge_2_00047,94.44,29.06,highway.motorway,1,2,28.5965,155988,0.1177,72.3912
925,39452648#1-AddedOnRampEdge,35.021785207625506,-85.38017651406591,3,det_39452648s1nAddedOnRampEdge_0_00047|det_39452648s1nAddedOnRampEdge_1_00047|det_39452648s1nAddedOnRampEdge_2_00047,94.45,29.06,highway.motorway,2,1,28.7987,155943,0.1167,72.3481
926,39452650#1,34.99932836056966,-85.39750739442323,2,det_39452650s1_0_02138|det_39452650s1_1_02138,4277.61,29.06,highway.motorway,1,0,28.9602,3984,0.0326,13.2139
927,39452650#1-AddedOnRampEdge,35.01611965821358,-85.38618448253249,3,det_39452650s1nAddedOnRampEdge_0_00047|det_39452650s1nAddedOnRampEdge_1_00047|det_39452650s1nAddedOnRampEdge_2_00047,94.49,29.06,highway.motorway,2,1,29.0071,6534,0.0222,13.3347
928,395353136#0,35.042084980354055,-85.29812877195278,2,det_395353136s0_0_00058|det_395353136s0_1_00058,117.99,11.18,highway.primary,3,3,11.1818,4416,0.0829,13.2322
929,395353138,35.04440196341695,-85.30451093453514,2,det_395353138_0_00021|det_395353138_1_00021,43.86,11.18,highway.primary,4,3,11.1857,5952,0.0895,14.2756
930,414812613#0,35.01863021143427,-85.38437446424035,1,det_414812613s0_0_00017,35.96,22.22,highway.motorway_link,3,1,22.189,883,0.0784,12.4077
931,414812613#1,35.01704606174982,-85.38539139556588,1,det_414812613s1_0_00075,150.15,22.22,highway.motorway_link,1,1,22.1545,588,0.0771,12.1872
932,414812613#1-AddedOnRampEdge,35.01808814806236,-85.38473834714276,2,det_414812613s1nAddedOnRampEdge_0_00047|det_414812613s1nAddedOnRampEdge_1_00047,94.61,22.22,highway.motorway_link,2,1,22.1359,1562,0.0397,12.414
933,414812614,35.01860042247979,-85.38338941220296,2,det_414812614_0_00075|det_414812614_1_00075,150.02,20.12,highway.primary,3,3,19.9073,89980,0.2197,62.7743
934,414812615#0,35.01876711102422,-85.38230851688887,1,det_414812615s0_0_00022,45.04,22.22,highway.motorway_link,3,1,22.0714,15545,0.1653,26.0852
935,414812615#1,35.020590131753096,-85.38105348648503,1,det_414812615s1_0_00104,208.82,22.22,highway.motorway_link,1,1,21.901,50003,0.4437,69.6966
936,414812615#1-AddedOnRampEdge,35.019328361594376,-85.3818918855028,2,det_414812615s1nAddedOnRampEdge_0_00047|det_414812615s1nAddedOnRampEdge_1_00047,94.4,22.22,highway.motorway_link,2,1,21.8992,99998,0.2218,69.685
937,414812616,35.01873730361225,-85.3833374011224,2,det_414812616_0_00075|det_414812616_1_00075,150.05,20.12,highway.primary,3,3,20.1599,3348,0.0457,13.1458
938,42786490,35.056446421441024,-85.30271427583168,2,det_42786490_0_00299|det_42786490_1_00298,598.07,27.78,highway.primary,1,1,27.3157,172954,0.3039,119.2662
939,429007716#0,35.02022059642171,-85.36663787565818,2,det_429007716s0_0_00071|det_429007716s0_1_00071,143.51,20.12,highway.primary,4,4,19.9787,49444,0.1275,36.4823
940,429007716#11,35.019293569606674,-85.37218706400206,2,det_429007716s11_0_00068|det_429007716s11_1_00068,136.23,20.12,highway.primary,4,4,20.0311,35112,0.0975,27.9779
941,429007716#15,35.01907531932758,-85.37353511230326,2,det_429007716s15_0_00031|det_429007716s15_1_00031,63.54,20.12,highway.primary,4,3,20.0423,29934,0.0879,25.1864
942,429007716#17,35.018837654570795,-85.3751913441008,2,det_429007716s17_0_00106|det_429007716s17_1_00106,213.03,20.12,highway.primary,3,3,20.0484,28709,0.0851,24.3846
943,429007716#21,35.018406662566356,-85.37778244181331,2,det_429007716s21_0_00120|det_429007716s21_1_00120,240.59,20.12,highway.primary,3,3,20.0285,28404,0.0847,24.2424
944,429007716#5,35.0198826882221,-85.3687135670828,2,det_429007716s5_0_00092|det_429007716s5_1_00092,184.12,20.12,highway.primary,4,3,19.9657,44284,0.117,33.442
945,429007716#8,35.01955916157501,-85.37050765547886,2,det_429007716s8_0_00061|det_429007716s8_1_00061,122.22,20.12,highway.primary,3,4,19.9982,41764,0.1112,31.8621
946,429007725#0-AddedOffRampEdge,35.018310867724225,-85.3813773457683,3,det_429007725s0nAddedOffRampEdge_0_00046|det_429007725s0nAddedOffRampEdge_1_00047|det_429007725s0nAddedOffRampEdge_2_00047,94.26,20.12,highway.primary,1,2,19.894,108264,0.1192,50.954
947,429007725#2,35.0184684591806,-85.38215179908622,2,det_429007725s2_0_00022|det_429007725s2_1_00022,45.33,20.12,highway.primary,1,3,20.1905,3290,0.0459,13.2202
948,429007729#0,35.01799760425377,-85.3805282809084,2,det_429007729s0_0_00020|det_429007729s0_1_00020,41.1,20.12,highway.primary,3,1,20.1015,4690,0.0481,13.7695
949,429007729#1-AddedOnRampEdge,35.01802850161982,-85.37975486400977,3,det_429007729s1nAddedOnRampEdge_0_00047|det_429007729s1nAddedOnRampEdge_1_00047|det_429007729s1nAddedOnRampEdge_2_00046,95.14,20.12,highway.primary,2,1,20.0796,26496,0.0453,19.2546
950,45068317#0,35.06210464362109,-85.30863710350202,2,det_45068317s0_0_00050|det_45068317s0_1_00050,100.7,13.41,highway.secondary,4,2,13.3731,4782,0.0717,13.675
951,45189246,35.05402787039893,-85.30537879309236,1,det_45189246_0_00171,342.26,22.22,highway.primary_link,1,2,22.2278,2257,0.0832,13.1796
952,45230026#0,35.061222391606556,-85.3035210789721,1,det_45230026s0_0_00012,25.64,27.78,highway.primary,3,3,27.5041,40291,0.2871,56.6863
953,45230026#1,35.06114954647945,-85.30267188934619,1,det_45230026s1_0_00054,109.02,27.78,highway.primary,2,2,27.5168,37640,0.2687,53.0859
954,45270782,35.05378320147622,-85.30524147984327,2,det_45270782_0_00099|det_45270782_1_00099,199.9,15.65,highway.secondary,2,3,15.6956,1856,0.0563,12.5994
955,45270800,35.05228582936682,-85.3042199845814,2,det_45270800_0_00020|det_45270800_1_00020,40.38,27.78,highway.primary,1,4,27.4633,136398,0.2398,94.6668
956,45270801,35.05240712030183,-85.30421921661053,1,det_45270801_0_00024,48.05,22.22,highway.primary_link,1,2,22.2671,244,0.0766,12.1392
957,45271886#0,35.04169336870948,-85.29027238222201,1,det_45271886s0_0_00058,117.82,15.65,highway.secondary,3,4,15.4976,20280,0.2807,31.1167
958,45397083,35.05144292472744,-85.29879576215438,2,det_45397083_0_00227|det_45397083_1_00227,455.6,17.88,highway.secondary,3,1,17.8698,1226,0.0475,12.0987
959,45397152#2,35.05045935744623,-85.2968851658558,1,det_45397152s2_0_00064,128.95,27.78,highway.secondary,3,2,27.7393,5613,0.0822,16.2773
960,45397157,35.05104258999643,-85.29763959643722,3,det_45397157_0_00160|det_45397157_1_00160|det_45397157_2_00159,320.34,27.78,highway.secondary,3,3,27.3378,182220,0.1429,84.1371
961,472359076,35.05078352190094,-85.29790385633179,1,det_472359076_0_00022,45.23,22.22,highway.primary_link,1,1,22.1314,11488,0.1362,21.5428
962,472359077,35.0507390896852,-85.29783701930285,2,det_472359077_0_00027|det_472359077_1_00028,56.3,27.78,highway.secondary,1,2,27.4624,140796,0.247,97.5059
963,477021884,35.038891554361804,-85.31925063971319,1,det_477021884_0_00162,325.39,22.22,highway.motorway_link,3,1,21.9799,37611,0.3349,52.8121
964,50264014#0,35.06293494536301,-85.30906918755572,2,det_50264014s0_0_00047|det_50264014s0_1_00047,95.63,15.65,highway.primary,4,2,15.5999,15882,0.0821,18.3076
965,51065715,35.036561904326476,-85.31844567267764,2,det_51065715_0_00136|det_51065715_1_00135,272.26,17.88,highway.secondary,4,1,17.7984,39156,0.1186,30.2207
966,51065719,35.029373949975174,-85.30530569500664,4,det_51065719_0_00014|det_51065719_1_00014|det_51065719_2_00014|det_51065719_3_00014,29.12,27.78,highway.primary,2,1,27.6091,69176,0.0355,28.1131
967,51065720#0,35.034805639148324,-85.30793422455295,2,det_51065720s0_0_00046|det_51065720s0_1_00046,92.94,15.65,highway.secondary,4,3,15.5098,95670,0.2995,66.7436
968,51065720#1,35.03569234969466,-85.30750868584063,2,det_51065720s1_0_00045|det_51065720s1_1_00044,90.16,15.65,highway.secondary,3,4,15.5118,95420,0.2986,66.5439
969,51065734#0,35.0221246227834,-85.29153062094471,2,det_51065734s0_0_00017|det_51065734s0_1_00017,35.06,15.65,highway.primary,4,3,15.5838,39434,0.1374,30.6659
970,51065734#1,35.02196575479724,-85.29100198897042,2,det_51065734s1_0_00019|det_51065734s1_1_00019,38.66,15.65,highway.primary,3,3,15.5823,38336,0.1349,30.1
971,51065734#2,35.02166455248126,-85.29024142125482,2,det_51065734s2_0_00043|det_51065734s2_1_00043,86.32,15.65,highway.primary,3,3,15.5785,37256,0.1314,29.3175
972,51065734#3,35.0213385391052,-85.28921773393824,2,det_51065734s3_0_00042|det_51065734s3_1_00042,85.01,15.65,highway.primary,3,3,15.5928,36434,0.1292,28.8383
973,51065734#5,35.02106396429974,-85.28843649307065,2,det_51065734s5_0_00020|det_51065734s5_1_00020,41.48,15.65,highway.primary,3,3,15.5941,31498,0.1176,26.2283
974,51065734#7,35.02080110330487,-85.28768942199076,2,det_51065734s7_0_00038|det_51065734s7_1_00038,77.78,15.65,highway.primary,3,3,15.5872,30756,0.1158,25.8143
975,51065734#9,35.02055888319929,-85.28697512820654,2,det_51065734s9_0_00017|det_51065734s9_1_00017,34.07,15.65,highway.primary,3,3,15.5935,28666,0.1116,24.8706
976,51065737,35.034641717827405,-85.31279132854975,2,det_51065737_0_00042|det_51065737_1_00042,85.9,15.65,highway.primary,4,4,15.6196,14848,0.0796,17.7446
977,51065738,35.0295136689029,-85.30499522204566,3,det_51065738_0_00043|det_51065738_1_00043|det_51065738_2_00043,86.36,17.88,highway.primary,1,4,17.7164,117414,0.144,54.9474
978,51065746#0,35.033088652509136,-85.31310225083273,3,det_51065746s0_0_00041|det_51065746s0_1_00041|det_51065746s0_2_00041,82.03,17.88,highway.primary,4,4,17.7522,67761,0.0889,33.9346
979,51065746#3,35.03277721800579,-85.31210059910877,3,det_51065746s3_0_00042|det_51065746s3_1_00042|det_51065746s3_2_00042,84.05,17.88,highway.primary,4,4,17.753,73644,0.0951,36.301
980,51065746#4,35.03240423111751,-85.3111038837487,3,det_51065746s4_0_00043|det_51065746s4_1_00043|det_51065746s4_2_00043,87.14,17.88,highway.primary,3,3,17.8358,23511,0.0477,18.2306
981,51065748#0,35.03009159216082,-85.30525268845795,2,det_51065748s0_0_00023|det_51065748s0_1_00023,47.62,17.88,highway.primary,1,4,17.8103,28024,0.095,24.1965
982,51065749#0,35.030377011061,-85.30580801606837,3,det_51065749s0_0_00083|det_51065749s0_1_00083|det_51065749s0_2_00083,166.39,17.88,highway.primary,4,3,17.7139,135606,0.1656,63.1865
983,51065758#0,35.02614074660431,-85.3113163929628,1,det_51065758s0_0_00046,92.75,15.65,highway.secondary,3,3,15.3521,76604,0.9646,106.3278
984,51065758#3,35.02487933842399,-85.31182563357241,1,det_51065758s3_0_00087,175.63,15.65,highway.secondary,3,3,15.3328,76082,0.959,105.5532
985,51065948,35.03420354543726,-85.31937754440223,3,det_51065948_0_00141|det_51065948_1_00141|det_51065948_2_00140,282.4,24.59,highway.motorway_link,1,1,24.3354,126648,0.1123,58.865
986,51065948-AddedOffRampEdge,35.03252296345239,-85.31876828234698,4,det_51065948nAddedOffRampEdge_0_00047|det_51065948nAddedOffRampEdge_1_00047|det_51065948nAddedOffRampEdge_2_00047|det_51065948nAddedOffRampEdge_3_00046,95.18,24.59,highway.motorway_link,1,2,24.3474,168044,0.0841,58.85
987,51065949,35.02905019637012,-85.31028550589237,2,det_51065949_0_00626|det_51065949_1_00626,1252.37,24.59,highway.motorway,1,1,24.1825,128526,0.2565,89.0069
988,51065956#0,35.0429961823155,-85.31025528038093,2,det_51065956s0_0_00096|det_51065956s0_1_00096,193.1,13.41,highway.primary,2,4,13.3514,1004,0.0641,12.2216
989,51065957#0,35.03802576268776,-85.31233054083195,1,det_51065957s0_0_00099,199.51,13.41,highway.primary,4,4,13.3387,10011,0.2118,20.1786
990,51066108#0,35.047642622366894,-85.31663094413808,2,det_51066108s0_0_00136|det_51066108s0_1_00136,273.3,15.65,highway.secondary,3,4,15.5922,19978,0.0903,20.1143
991,51066109,35.04584756928636,-85.31215759447623,4,det_51066109_0_00034|det_51066109_1_00034|det_51066109_2_00034|det_51066109_3_00033,69.07,15.65,highway.primary,2,4,15.5408,53808,0.0534,23.6651
992,51066111#2,35.052273014229925,-85.30694607601066,3,det_51066111s2_0_00032|det_51066111s2_1_00032|det_51066111s2_2_00032,64.45,13.41,highway.primary,5,4,13.3528,22530,0.0637,18.2164
993,51066112,35.05195184136601,-85.30332467581549,2,det_51066112_0_00012|det_51066112_1_00012,24.2,27.78,highway.primary,2,3,27.5177,154202,0.2695,106.6513
994,51066113#0,35.052370638867615,-85.31127425371358,3,det_51066113s0_0_00039|det_51066113s0_1_00039|det_51066113s0_2_00039,79.62,13.41,highway.primary,4,4,13.2892,166041,0.2688,76.981
995,51066127#0,35.04541955517833,-85.3104009281582,2,det_51066127s0_0_00026|det_51066127s0_1_00026,52.79,13.41,highway.primary,2,4,13.3899,9572,0.082,15.6747
996,51067009,35.01869575245027,-85.29331096525496,4,det_51067009_0_00020|det_51067009_1_00020|det_51067009_2_00020|det_51067009_3_00020,41.71,24.59,highway.motorway,2,1,24.2599,620736,0.308,214.9913
997,51067009-AddedOffRampEdge,35.01886512771014,-85.29411028828612,5,det_51067009nAddedOffRampEdge_0_00046|det_51067009nAddedOffRampEdge_1_00046|det_51067009nAddedOffRampEdge_2_00047|det_51067009nAddedOffRampEdge_3_00047|det_51067009nAddedOffRampEdge_4_00047,94.85,24.59,highway.motorway,1,2,24.2784,775880,0.2462,214.9831
998,51067010,35.01917279555955,-85.29542762390456,3,det_51067010_0_00164|det_51067010_1_00164|det_51067010_2_00163,329.27,24.59,highway.motorway,1,1,24.2581,225480,0.1984,103.7055
999,51067012#0,35.01978296136195,-85.29377392691177,2,det_51067012s0_0_00018|det_51067012s0_1_00018,37.88,17.88,highway.primary,3,2,17.7686,35850,0.1119,28.4371
1000,51067012#12,35.023976399790214,-85.29744042500239,2,det_51067012s12_0_00026|det_51067012s12_1_00026,53.16,17.88,highway.primary,3,3,17.7581,43742,0.13,33.0735
1001,51067012#16,35.02430667643311,-85.29774645069449,2,det_51067012s16_0_00010|det_51067012s16_1_00010,21.49,17.88,highway.primary,2,4,17.7427,43866,0.1308,33.2469
1002,51067012#2,35.02064039036002,-85.29428638354256,2,det_51067012s2_0_00047|det_51067012s2_1_00047,94.72,17.88,highway.primary,3,3,17.786,33956,0.1077,27.4197
1003,51067012#3,35.02140811167095,-85.29501639305545,2,det_51067012s3_0_00046|det_51067012s3_1_00046,92.32,17.88,highway.primary,3,3,17.7863,34332,0.1085,27.6355
1004,51067012#4,35.02217609619793,-85.29577383357896,2,det_51067012s4_0_00049|det_51067012s4_1_00049,98.08,17.88,highway.primary,3,3,17.788,34696,0.1091,27.8078
1005,51067012#5,35.02279830541824,-85.29636129366402,2,det_51067012s5_0_00024|det_51067012s5_1_00024,48.47,17.88,highway.primary,3,3,17.7895,35338,0.1108,28.2163
1006,51067012#8,35.02338220282143,-85.29688482265512,2,det_51067012s8_0_00042|det_51067012s8_1_00042,84.29,17.88,highway.primary,3,3,17.7825,43738,0.1297,33.0198
1007,51067013#0,35.03063357685505,-85.29702907904228,1,det_51067013s0_0_00043,86.24,15.65,highway.secondary,4,4,15.4092,34819,0.4458,49.1882
1008,51067013#1,35.03129220074791,-85.29666676400767,1,det_51067013s1_0_00022,45.33,15.65,highway.secondary,4,2,15.4095,35007,0.4484,49.4888
1009,51067022#0,35.035108919996986,-85.27249351093495,2,det_51067022s0_0_00065|det_51067022s0_1_00065,130.57,15.65,highway.secondary,1,3,15.6126,0,0.059,13.137
1010,51067022#1,35.03563703138526,-85.27390665273514,2,det_51067022s1_0_00061|det_51067022s1_1_00061,123.71,15.65,highway.secondary,3,4,15.639,5092,0.0607,13.5289
1011,51067022#14,35.037717347850126,-85.27953897043531,2,det_51067022s14_0_00062|det_51067022s14_1_00062,125.18,15.65,highway.secondary,4,4,15.6074,19236,0.0882,19.6838
1012,51067022#2,35.036167643609794,-85.2753575913597,2,det_51067022s2_0_00065|det_51067022s2_1_00065,130.31,15.65,highway.secondary,4,4,15.6187,10860,0.0715,15.965
1013,51067022#8,35.03668921703698,-85.27677537118407,2,det_51067022s8_0_00062|det_51067022s8_1_00062,124.2,15.65,highway.secondary,4,4,15.6181,14676,0.0779,17.3961
1014,51067022#9,35.03720238636745,-85.27815471945888,2,det_51067022s9_0_00061|det_51067022s9_1_00061,123.07,15.65,highway.secondary,4,4,15.6041,17182,0.084,18.7383
1015,51067068,35.051630217354834,-85.29929960878262,2,det_51067068_0_00030|det_51067068_1_00030,60.71,27.78,highway.primary,4,3,27.489,54124,0.1003,39.4497
1016,51067069,35.054718462767006,-85.30641760803285,2,det_51067069_0_00034|det_51067069_1_00034,69.49,13.41,highway.secondary,3,3,13.4047,5584,0.0727,13.8858
1017,51067070,35.05145325482714,-85.29748780581143,1,det_51067070_0_00056,112.94,22.22,highway.primary_link,1,2,21.9989,17150,0.1763,27.6761
1018,51067073,35.05076513153857,-85.29766192827594,1,det_51067073_0_00014,28.1,22.22,highway.primary_link,2,1,22.1561,5603,0.104,16.4445
1019,51067076#0,35.04978699975368,-85.29519801931919,1,det_51067076s0_0_00065,131.42,13.41,highway.secondary,2,3,13.23,68115,0.9932,94.3652
1020,51067076#1,35.04911382996533,-85.29380751872101,1,det_51067076s1_0_00068,136.23,13.41,highway.secondary,3,3,13.1989,67930,0.9928,94.077
1021,51067080#0,35.0452287264216,-85.30859392830969,1,det_51067080s0_0_00055,111.75,13.41,highway.secondary,4,3,13.2992,29808,0.4492,42.8068
1022,51067081#0,35.04541190587546,-85.310489985722,2,det_51067081s0_0_00026|det_51067081s0_1_00026,53.12,13.41,highway.primary,4,2,13.3682,13342,0.0899,17.171
1023,51067095#0,35.05508127513491,-85.30972514180615,3,det_51067095s0_0_00025|det_51067095s0_1_00025|det_51067095s0_2_00025,50.96,13.41,highway.secondary,2,4,13.3702,10086,0.0506,14.5052
1024,51822286#0,35.01440889118997,-85.2939423288446,2,det_51822286s0_0_00077|det_51822286s0_1_00077,155.2,27.78,highway.trunk,4,3,27.549,45464,0.0865,34.1238
1025,51822286#3,35.01303304618946,-85.29446387110677,2,det_51822286s3_0_00069|det_51822286s3_1_00069,139.66,27.78,highway.trunk,3,3,27.5951,36466,0.0726,28.6673
1026,51822286#4,35.01126643471568,-85.29417202540337,2,det_51822286s4_0_00114|det_51822286s4_1_00114,228.08,27.78,highway.trunk,3,3,27.5936,30280,0.0642,25.3215
1027,51822286#5,35.00575735550037,-85.29304551265218,2,det_51822286s5_0_00491|det_51822286s5_1_00491,982.57,27.78,highway.trunk,3,1,27.7559,3910,0.0339,13.3599
1028,51831897,35.01920880468119,-85.29359659809359,2,det_51831897_0_00030|det_51831897_1_00030,61.6,17.88,highway.primary,1,2,17.7838,35254,0.1102,28.0855
1029,561357037,35.01586459918605,-85.27902169172087,1,det_561357037_0_00154,309.63,22.22,highway.motorway_link,3,1,22.1467,1738,0.0836,13.2
1030,561357038,35.01714916205621,-85.28162815087087,1,det_561357038_0_00130,261.96,22.22,highway.motorway_link,3,1,21.8013,109091,0.9638,150.991
1031,582913872#2,35.04586171219793,-85.30894680280304,2,det_582913872s2_0_00031|det_582913872s2_1_00031,62.41,11.18,highway.primary,3,4,11.1135,45496,0.2129,33.9236
1032,582913874#0,35.043525727895116,-85.30220518123524,2,det_582913874s0_0_00059|det_582913874s0_1_00059,118.89,11.18,highway.primary,4,4,11.1515,2236,0.078,12.3862
1033,582913876#0,35.04274046307716,-85.3001959950083,2,det_582913876s0_0_00128|det_582913876s0_1_00128,257.94,11.18,highway.primary,3,4,11.1592,2466,0.0791,12.5709
1034,624635116#0,35.021266897743274,-85.3556038479497,2,det_624635116s0_0_00209|det_624635116s0_1_00208,418.29,27.78,highway.primary,3,2,27.5148,60218,0.109,42.9209
1035,630204429,35.025004703898766,-85.2998107364662,1,det_630204429_0_00014,28.26,22.22,highway.primary_link,1,1,22.1593,6954,0.1114,17.6005
1036,630204432#0,35.02558243267656,-85.29948550670034,1,det_630204432s0_0_00070,140.77,27.78,highway.secondary,4,4,27.4155,27313,0.2021,39.5845
1037,630204445#0,35.02482572874264,-85.29855357551473,1,det_630204445s0_0_00020,40.68,22.22,highway.primary_link,2,1,22.1852,1731,0.0835,13.209
1038,637141663,35.05373077156948,-85.30381697251957,2,det_637141663_0_00019|det_637141663_1_00019,39.9,27.78,highway.primary,1,2,27.4241,179214,0.3152,124.2412
1039,637141664#0,35.06027697814863,-85.30181165712236,3,det_637141664s0_0_00039|det_637141664s0_1_00039|det_637141664s0_2_00039,79.92,27.78,highway.primary,1,1,27.5223,155847,0.1221,72.397
1040,637141664#1,35.056574339075084,-85.30282562411927,3,det_637141664s1_0_00275|det_637141664s1_1_00275|det_637141664s1_2_00275,551.62,27.78,highway.primary,1,2,27.3481,275499,0.2156,127.0752
1041,637141664#1-AddedOnRampEdge,35.05949438470827,-85.30208088120999,5,det_637141664s1nAddedOnRampEdge_0_00047|det_637141664s1nAddedOnRampEdge_1_00047|det_637141664s1nAddedOnRampEdge_2_00047|det_637141664s1nAddedOnRampEdge_3_00047|det_637141664s1nAddedOnRampEdge_4_00047,94.37,27.78,highway.primary,2,1,27.4383,458405,0.1289,127.146
1042,637141666,35.05370237993069,-85.3037404768608,2,det_637141666_0_00020|det_637141666_1_00020,40.17,27.78,highway.primary,2,1,27.4273,172564,0.3026,119.2969
1043,637660696,35.05860237650846,-85.27539193217092,1,det_637660696_0_00014,29.2,22.22,highway.primary_link,2,2,22.1184,606,0.0791,12.5038
1044,664000908#0,35.062602072370545,-85.31899579252463,1,det_664000908s0_0_00154,309.45,22.22,highway.motorway_link,1,3,22.3197,356,0.0763,12.102
1045,664000909,35.06234110652579,-85.3188991044101,1,det_664000909_0_00127,255.2,22.22,highway.motorway_link,3,1,22.001,32892,0.2945,46.4358
1046,66945381,35.056504391003166,-85.31082101330985,1,det_66945381_0_00100,201.57,13.41,highway.secondary,2,3,13.4182,4025,0.1544,14.7744
1047,686208414,35.01541586863852,-85.27344472000533,1,det_686208414_0_00015,30.68,22.22,highway.primary_link,2,0,22.1913,2000,0.0847,13.4078
1048,686208415,35.015884819777504,-85.27357007594625,1,det_686208415_0_00010,21.28,22.22,highway.primary_link,0,2,22.2219,0,0.0843,13.3666
1049,70078200,35.05903805177464,-85.32447450005358,1,det_70078200_0_00032,64.95,22.22,highway.secondary_link,2,2,22.106,567,0.0783,12.3329
1050,749305486#0,35.04828776980617,-85.3145681409319,2,det_749305486s0_0_00134|det_749305486s0_1_00134,269.06,22.22,highway.motorway_link,3,3,21.9753,104686,0.2302,72.623
1051,749305486#4,35.0460644223263,-85.31552990682562,2,det_749305486s4_0_00101|det_749305486s4_1_00100,202.98,22.22,highway.motorway_link,3,1,21.9735,104822,0.2311,72.9249
1052,754204242#10,35.02742173961816,-85.28393073840844,2,det_754204242s10_0_00024|det_754204242s10_1_00024,49.33,15.65,highway.primary,3,3,15.5626,48132,0.1602,35.7321
1053,754204242#11,35.02715105865828,-85.28324277234991,2,det_754204242s11_0_00030|det_754204242s11_1_00030,60.89,15.65,highway.primary,3,4,15.5688,45804,0.1539,34.3329
1054,754204242#14,35.02680390119301,-85.28217300643232,2,det_754204242s14_0_00037|det_754204242s14_1_00037,74.71,15.65,highway.primary,4,3,15.5888,40920,0.1403,31.3337
1055,754204242#16,35.026465401645076,-85.28121429953181,2,det_754204242s16_0_00017|det_754204242s16_1_00017,34.25,15.65,highway.primary,3,3,15.5878,36848,0.1299,28.9814
1056,754204242#18,35.026227875759545,-85.28054666834973,2,det_754204242s18_0_00034|det_754204242s18_1_00034,69.64,15.65,highway.primary,3,4,15.5967,34932,0.1248,27.8397
1057,754204242#19,35.02592025754792,-85.27975624178843,2,det_754204242s19_0_00027|det_754204242s19_1_00027,54.5,15.65,highway.primary,4,3,15.6003,32074,0.118,26.3367
1058,754204242#20,35.025747693849056,-85.27918384884676,2,det_754204242s20_0_00013|det_754204242s20_1_00013,27.8,15.65,highway.primary,3,3,15.6,30880,0.1158,25.8531
1059,754204242#21,35.02555434298161,-85.27863346275173,2,det_754204242s21_0_00026|det_754204242s21_1_00026,52.55,15.65,highway.primary,3,3,15.5952,31564,0.1173,26.1833
1060,754204242#23,35.0252131306201,-85.27775233959139,2,det_754204242s23_0_00048|det_754204242s23_1_00048,96.25,15.65,highway.primary,3,4,15.5605,31906,0.1176,26.1641
1061,754204242#4,35.02873577958557,-85.2876554362552,2,det_754204242s4_0_00045|det_754204242s4_1_00045,90.55,15.65,highway.primary,4,3,15.5409,58292,0.1874,41.7709
1062,754204242#5,35.02835911433374,-85.28662572259476,2,det_754204242s5_0_00043|det_754204242s5_1_00043,86.31,15.65,highway.primary,3,3,15.5407,57586,0.1855,41.3268
1063,754204242#7,35.02811901161504,-85.28587014124496,2,det_754204242s7_0_00016|det_754204242s7_1_00016,32.53,15.65,highway.primary,3,3,15.5401,56864,0.1834,40.8448
1064,754204242#8,35.02793178934033,-85.28535886280388,2,det_754204242s8_0_00020|det_754204242s8_1_00020,40.92,15.65,highway.primary,3,3,15.5449,57310,0.1847,41.1492
1065,754204242#9,35.02765531824536,-85.2846821555776,2,det_754204242s9_0_00034|det_754204242s9_1_00034,68.13,15.65,highway.primary,3,3,15.546,54122,0.1761,39.2439
1066,758017387#0,35.01041034327095,-85.32800070300074,1,det_758017387s0_0_00073,147.21,27.78,highway.secondary,3,3,27.7508,2947,0.071,14.0556
1067,758017387#5,35.009272448005845,-85.32798802187925,1,det_758017387s5_0_00038,76.81,27.78,highway.secondary,3,1,27.7194,1984,0.0677,13.3979
1068,782052339#0,35.03198424878424,-85.29653928227677,3,det_782052339s0_0_00010|det_782052339s0_1_00010|det_782052339s0_2_00010,21.85,13.41,highway.primary,2,4,13.3039,90336,0.1505,43.0689
1069,78438810#1,35.03747961821568,-85.2934021451546,1,det_78438810s1_0_00023,46.44,13.41,highway.secondary,3,4,13.2222,31239,0.4715,44.5919
1070,78438863,35.03643411959741,-85.29397335172445,1,det_78438863_0_00090,180.11,13.41,highway.secondary,2,3,13.2247,34061,0.5091,48.1819
1071,78507374#0,35.040104509584474,-85.29294564238056,2,det_78507374s0_0_00077|det_78507374s0_1_00077,154.4,11.18,highway.primary,4,4,11.1417,4446,0.0843,13.3823
1072,78507374#1,35.040618583157745,-85.29432481680655,2,det_78507374s1_0_00046|det_78507374s1_1_00046,92.89,11.18,highway.primary,4,4,11.122,3586,0.0823,13.0358
1073,81250830#0,35.04287574450136,-85.31448542973473,1,det_81250830s0_0_00097,194.86,27.78,highway.secondary,3,3,27.6723,12313,0.1134,22.4171
1074,81250830#1,35.043688403560765,-85.31584727093353,1,det_81250830s1_0_00049,98.53,27.78,highway.secondary,3,3,27.7067,5706,0.0824,16.2958
1075,81250839#0,35.04530226335842,-85.31186712435742,1,det_81250839s0_0_00040,80.91,27.78,highway.secondary,4,3,27.5518,32993,0.2367,46.7892
1076,815725316#0,35.0630602871772,-85.31760819469699,1,det_815725316s0_0_00146,293.73,22.22,highway.motorway_link,3,1,22.1845,528,0.0762,12.0456
1077,815725317,35.064562663066965,-85.31813722332592,1,det_815725317_0_00026,53.47,24.59,highway.motorway_link,1,1,24.5186,325,0.0689,12.1118
1078,859902577,35.045941103981654,-85.31533461888186,1,det_859902577_0_00150,300.03,22.22,highway.motorway_link,1,1,22.1757,6650,0.1072,16.9571
1079,859902578,35.0467006311081,-85.31434965668572,1,det_859902578_0_00026,53.56,24.59,highway.motorway_link,1,1,24.5443,6461,0.0977,17.1012
1080,861011654#0,35.01788164575283,-85.32209440848392,2,det_861011654s0_0_00023|det_861011654s0_1_00023,46.15,15.65,highway.primary,4,3,15.5734,46978,0.1574,35.1089
1081,861011654#1,35.01857157118768,-85.32171058656019,2,det_861011654s1_0_00046|det_861011654s1_1_00046,92.94,15.65,highway.primary,3,3,15.5681,46096,0.1546,34.4891
1082,861011654#16,35.02062577937523,-85.3205449018186,2,det_861011654s16_0_00029|det_861011654s16_1_00029,59.72,15.65,highway.primary,3,3,15.5524,50022,0.1651,36.8222
1083,861011654#5,35.01967280278777,-85.32110634334916,2,det_861011654s5_0_00073|det_861011654s5_1_00073,146.32,15.65,highway.primary,3,3,15.5585,49246,0.1626,36.2613
1084,861011655#0,35.013035185714294,-85.31535588242095,1,det_861011655s0_0_00218,436.31,27.78,highway.secondary,4,3,27.4413,25598,0.1906,37.3784
1085,861011657#0,35.05271173923599,-85.30971783735171,3,det_861011657s0_0_00028|det_861011657s0_1_00028|det_861011657s0_2_00028,56.63,13.41,highway.secondary,2,4,13.368,25701,0.0667,19.1068
1086,861020835#0,35.041295552298024,-85.30852603309833,2,det_861020835s0_0_00063|det_861020835s0_1_00063,127.2,13.41,highway.secondary,4,3,13.3085,80736,0.2962,56.6205
1087,861020838#1,35.060845125517574,-85.32027448429716,1,det_861020838s1_0_00104,208.93,27.78,highway.secondary,3,3,27.5151,30190,0.2196,43.2785
1088,861020838#11,35.0603045593278,-85.32166324801432,1,det_861020838s11_0_00021,42.39,27.78,highway.secondary,3,3,27.5299,19121,0.1525,30.0012
1089,861020838#13,35.05976139986545,-85.32309508950082,1,det_861020838s13_0_00108,216.22,27.78,highway.secondary,3,2,27.5581,16874,0.1392,27.4128
1090,861020838#15,35.05926195537999,-85.32441386090471,1,det_861020838s15_0_00013,27.42,27.78,highway.secondary,3,3,27.5145,16457,0.1381,27.1056
1091,861020839,35.056691634330505,-85.31594556695434,4,det_861020839_0_00088|det_861020839_1_00088|det_861020839_2_00088|det_861020839_3_00088,177.27,24.59,highway.motorway,2,1,24.2861,179239,0.0899,62.642
1092,861020839-AddedOffRampEdge,35.05797859114695,-85.31619256014302,5,det_861020839nAddedOffRampEdge_0_00047|det_861020839nAddedOffRampEdge_1_00047|det_861020839nAddedOffRampEdge_2_00047|det_861020839nAddedOffRampEdge_3_00047|det_861020839nAddedOffRampEdge_4_00047,94.64,24.59,highway.motorway,1,2,24.2683,223900,0.072,62.6481
1093,861020840#2,35.06420783725075,-85.31133563701373,2,det_861020840s2_0_00028|det_861020840s2_1_00028,57.75,15.65,highway.secondary,3,3,15.6291,8598,0.069,15.3759
1094,861020841#0,35.06246799530008,-85.30720128275756,2,det_861020841s0_0_00044|det_861020841s0_1_00044,88.46,27.78,highway.primary,3,3,27.6395,40044,0.0784,30.9863
1095,861029875,35.05224303250526,-85.28910321246381,2,det_861029875_0_00522|det_861029875_1_00522,1045.95,22.35,highway.primary,1,2,22.1981,35300,0.0878,27.8831
1096,861029877#0,35.05227186705959,-85.31013489693754,3,det_861029877s0_0_00033|det_861029877s0_1_00033|det_861029877s0_2_00033,67.66,13.41,highway.primary,4,4,13.3468,33024,0.0742,21.2376
1097,861029880#0,35.05101222900657,-85.29967977517086,2,det_861029880s0_0_00028|det_861029880s0_1_00028,57.59,27.78,highway.primary,4,4,27.3786,157484,0.2776,109.2458
1098,861029881,35.05159344160476,-85.29900223544446,2,det_861029881_0_00200|det_861029881_1_00201,402.07,17.88,highway.secondary,1,2,17.8074,1254,0.0477,12.1159
1099,861104700#0,35.045520269799944,-85.30757658405221,2,det_861104700s0_0_00059|det_861104700s0_1_00059,118.85,11.18,highway.primary,4,4,11.1512,7842,0.0925,14.7321
1100,861104714,35.0590117325136,-85.27507787326728,3,det_861104714_0_00037|det_861104714_1_00037|det_861104714_2_00037,75.45,22.35,highway.primary,3,3,22.2684,31416,0.0432,20.6785
1101,861134574#0,35.010552636711736,-85.28366404427497,1,det_861134574s0_0_00092,184.58,27.78,highway.secondary,4,3,27.7003,3994,0.0763,15.0848
1102,861134574#1,35.005917835092866,-85.28606980806272,1,det_861134574s1_0_00452,905.34,27.78,highway.secondary,3,1,27.7835,2008,0.0672,13.3348
1103,861134576#0,35.017454846225945,-85.27842966576588,2,det_861134576s0_0_00119|det_861134576s0_1_00119,238.42,15.65,highway.primary,4,3,15.5475,46038,0.154,34.277
1104,861134576#12,35.01651370291382,-85.2759036983991,2,det_861134576s12_0_00021|det_861134576s12_1_00021,42.19,15.65,highway.primary,3,3,15.5831,36474,0.1295,28.8789
1105,861134576#14,35.016272245588084,-85.27521456462338,2,det_861134576s14_0_00032|det_861134576s14_1_00032,65.69,15.65,highway.primary,3,3,15.5958,31838,0.118,26.328
1106,861134576#17,35.01602122771656,-85.27449154158974,2,det_861134576s17_0_00024|det_861134576s17_1_00024,48.48,15.65,highway.primary,3,3,15.6062,29540,0.1126,25.1379
1107,861134576#7,35.01679163353981,-85.27668280032323,2,det_861134576s7_0_00041|det_861134576s7_1_00041,83.72,15.65,highway.primary,3,3,15.5762,38664,0.1351,30.1319
1108,861134577#0,35.05098991694255,-85.30077677257343,2,det_861134577s0_0_00084|det_861134577s0_1_00084,168.82,27.78,highway.primary,3,4,27.4472,159728,0.2799,110.4672
1109,861134582#0,35.05163304335321,-85.30239624955856,2,det_861134582s0_0_00065|det_861134582s0_1_00065,130.44,27.78,highway.primary,4,4,27.476,161978,0.2835,112.0066
1110,861250237,35.044654685036335,-85.30517219120698,2,det_861250237_0_00030|det_861250237_1_00030,60.24,11.18,highway.primary,3,4,11.1472,4458,0.0859,13.6748
1111,861250238,35.05314848162191,-85.30344060640674,2,det_861250238_0_00078|det_861250238_1_00078,156.85,17.88,highway.secondary,2,2,17.9192,1862,0.0489,12.513
1112,861296913,35.04530179808979,-85.2790926361042,1,det_861296913_0_00105,210.35,20.12,highway.secondary,3,4,19.9858,14724,0.1755,25.0442
1113,86188283#0,35.021992634055636,-85.34053193559407,1,det_86188283s0_0_00201,403.95,27.78,highway.secondary,3,4,27.6438,11494,0.1089,21.4841
1114,86188283#1,35.01931799750638,-85.33896734442303,1,det_86188283s1_0_00556,1113.83,27.78,highway.secondary,4,4,27.6383,10440,0.1032,20.341
1115,86188283#10,35.013709567916834,-85.33717033468098,1,det_86188283s10_0_00071,143.51,27.78,highway.secondary,4,3,27.6385,7648,0.091,17.9258
1116,86188283#11,35.01026579733351,-85.33766933790662,1,det_86188283s11_0_00322,645.62,27.78,highway.secondary,3,1,27.7536,2028,0.068,13.4305
1117,862061994#0,35.03113539091319,-85.27391120653259,1,det_862061994s0_0_00047,94.2,27.78,highway.secondary,2,4,27.4432,46792,0.3318,65.3143
1118,862061994#11,35.02710235354412,-85.27607799302326,1,det_862061994s11_0_00031,62.3,27.78,highway.secondary,3,4,27.3374,58588,0.4153,81.4813
1119,862061994#15,35.02628410891789,-85.27652416022075,1,det_862061994s15_0_00035,70.67,27.78,highway.secondary,4,4,27.3372,58601,0.4155,81.5173
1120,862061994#18,35.02547308501554,-85.27696577972597,1,det_862061994s18_0_00039,79.2,27.78,highway.secondary,4,4,27.3043,57972,0.4117,80.6699
1121,862061994#2,35.03027899721033,-85.27438486513772,1,det_862061994s2_0_00042,85.58,27.78,highway.secondary,4,4,27.3664,50509,0.3586,70.3759
1122,862061994#4,35.02944389913014,-85.27484015511452,1,det_862061994s4_0_00044,88.64,27.78,highway.secondary,4,4,27.3595,53518,0.3793,74.4341
1123,862061994#5,35.028761903886064,-85.2751837661623,1,det_862061994s5_0_00023,46.16,27.78,highway.secondary,4,3,27.3491,55113,0.391,76.716
1124,862061994#6,35.02835589470585,-85.27540034976249,1,det_862061994s6_0_00011,23.36,27.78,highway.secondary,3,3,27.3313,55936,0.3969,77.8253
1125,862061994#7,35.027932574950306,-85.27563006622573,1,det_862061994s7_0_00025,50.66,27.78,highway.secondary,3,3,27.3451,57678,0.4091,80.2653
1126,862070076,35.04904037380343,-85.30953894536513,1,det_862070076_0_00065,131.33,13.41,highway.secondary,3,3,13.3796,3909,0.1549,14.7892
1127,862070077#0,35.042917891536916,-85.30932597947543,2,det_862070077s0_0_00104|det_862070077s0_1_00104,208.86,13.41,highway.secondary,4,4,13.2943,65278,0.2436,46.4291
1128,862070079#0,35.0391941857457,-85.29240814227992,1,det_862070079s0_0_00060,120.07,13.41,highway.secondary,4,4,13.2522,28341,0.4299,40.7566
1129,862070081#0-AddedOffRampEdge,35.02555617819434,-85.29960877260176,2,det_862070081s0nAddedOffRampEdge_0_00047|det_862070081s0nAddedOffRampEdge_1_00047,94.47,27.78,highway.secondary,1,2,27.6963,14744,0.0456,17.974
1130,862077239#0,35.045219326354896,-85.29964889966263,1,det_862077239s0_0_00060,120.51,11.18,highway.secondary,4,3,11.1499,1677,0.162,12.9031
1131,862077239#2,35.045708052779126,-85.30095532097407,1,det_862077239s2_0_00056,112.56,11.18,highway.secondary,3,4,11.1733,1979,0.1643,13.0887
1132,862110250#0,35.05389104118903,-85.30972187721139,3,det_862110250s0_0_00033|det_862110250s0_1_00033|det_862110250s0_2_00033,66.78,13.41,highway.secondary,2,3,13.3762,16155,0.0566,16.2189
1133,862110252,35.03972926450424,-85.31688842026855,1,det_862110252_0_00153,306.46,13.41,highway.primary,4,4,13.3071,19303,0.3122,29.7312
1134,862110257#1,35.046109052183645,-85.28610190629044,1,det_862110257s1_0_00054,108.85,15.65,highway.secondary,4,3,15.4704,25252,0.3342,37.0072
1135,862110257#4,35.04486178178214,-85.28268824516692,1,det_862110257s4_0_00271,543.92,15.65,highway.secondary,3,4,15.4519,27321,0.3562,39.4076
1136,862116439#0,35.050075071838044,-85.30961377682544,2,det_862116439s0_0_00037|det_862116439s0_1_00037,75.72,13.41,highway.secondary,2,3,13.3854,7082,0.0759,14.482
1137,862405797#0,35.0490710343935,-85.32057023556924,2,det_862405797s0_0_00077|det_862405797s0_1_00077,154.34,15.65,highway.secondary,3,3,15.5787,19684,0.0906,20.1497
1138,862405799,35.04833158152698,-85.31857691554488,2,det_862405799_0_00041|det_862405799_1_00041,83.93,15.65,highway.secondary,4,1,15.5759,21230,0.0938,20.8694
1139,862405801#0,35.04188962614077,-85.31375744048898,1,det_862405801s0_0_00063,126.86,27.78,highway.secondary,3,3,27.5049,36071,0.2584,50.9589
1140,862405801#3,35.04074192871095,-85.31440752084059,1,det_862405801s3_0_00062,124.87,27.78,highway.secondary,4,3,27.4751,40789,0.2904,57.2459
1141,862405802,35.04300921505469,-85.32029685858593,2,det_862405802_0_00111|det_862405802_1_00111,223.35,17.88,highway.secondary,3,3,17.7913,22766,0.0849,21.6045
1142,862426389,35.04438088732312,-85.31029631361862,2,det_862426389_0_00042|det_862426389_1_00042,84.15,13.41,highway.primary,4,4,13.3701,3602,0.0691,13.1762
1143,862426390#0,35.04445299258222,-85.31232305226038,1,det_862426390s0_0_00048,96.18,27.78,highway.secondary,3,3,27.5344,37346,0.2657,52.4806
1144,862426391#0,35.043250398431056,-85.31304104346903,2,det_862426391s0_0_00086|det_862426391s0_1_00086,172.93,27.78,highway.secondary,3,3,27.5116,78706,0.1396,55.1252
1145,862426392,35.044467230586335,-85.30942305834265,2,det_862426392_0_00034|det_862426392_1_00034,69.24,13.41,highway.secondary,4,3,13.3151,65514,0.2438,46.5765
1146,862426393#3,35.03644646174029,-85.30739893092439,2,det_862426393s3_0_00021|det_862426393s3_1_00021,43.83,13.41,highway.secondary,3,4,13.2731,154640,0.5621,107.2733
1147,862430709#0,35.06186793681268,-85.30513125734727,3,det_862430709s0_0_00023|det_862430709s0_1_00023|det_862430709s0_2_00023,46.4,27.78,highway.primary,2,4,27.5768,75423,0.0627,37.148
1148,862527355#0,35.051433670039465,-85.30960525930564,2,det_862527355s0_0_00047|det_862527355s0_1_00047,94.61,13.41,highway.secondary,2,3,13.3695,4840,0.0713,13.601
1149,862527358#0,35.052078707903824,-85.31447473526899,2,det_862527358s0_0_00033|det_862527358s0_1_00033,66.43,13.41,highway.primary,2,1,13.4001,3810,0.0694,13.2761
1150,862527358#1,35.052153930938104,-85.31355127508687,2,det_862527358s1_0_00037|det_862527358s1_1_00037,74.24,13.41,highway.primary,2,1,13.3456,26986,0.1236,23.5982
1151,862575266,35.02872217366842,-85.3083631920766,3,det_862575266_0_00150|det_862575266_1_00150|det_862575266_2_00150,300.55,24.59,highway.motorway_link,1,1,24.3074,165393,0.1458,76.394
1152,862575267#0,35.030489172665426,-85.30893123705269,2,det_862575267s0_0_00040|det_862575267s0_1_00040,81.7,27.78,highway.secondary,2,3,27.4743,149854,0.2629,103.8064
1153,862575267#2,35.03114053726357,-85.30884413736966,2,det_862575267s2_0_00019|det_862575267s2_1_00019,39.62,27.78,highway.secondary,2,4,27.4629,146596,0.2573,101.5502
1154,862575268#1,35.027890128202465,-85.31042802041937,1,det_862575268s1_0_00058,117.59,15.65,highway.secondary,3,3,15.379,80930,1.017,112.3396
1155,862575268#3,35.026964456621485,-85.31090383455101,1,det_862575268s3_0_00038,76.6,15.65,highway.secondary,3,3,15.359,78032,0.982,108.2907
1156,862575270#1,35.02550835270277,-85.30268921409305,4,det_862575270s1_0_00235|det_862575270s1_1_00235|det_862575270s1_2_00235|det_862575270s1_3_00235,471.15,24.59,highway.motorway,1,1,23.445,893824,0.4569,307.6891
1157,862575270#1-AddedOffRampEdge,35.02398264258388,-85.30009975353873,5,det_862575270s1nAddedOffRampEdge_0_00046|det_862575270s1nAddedOffRampEdge_1_00046|det_862575270s1nAddedOffRampEdge_2_00047|det_862575270s1nAddedOffRampEdge_3_00047|det_862575270s1nAddedOffRampEdge_4_00047,94.01,24.59,highway.motorway,1,2,24.0033,1116320,0.3565,307.7194
1158,862575270#1-AddedOnRampEdge,35.02685172934845,-85.30542589725417,5,det_862575270s1nAddedOnRampEdge_0_00046|det_862575270s1nAddedOnRampEdge_1_00047|det_862575270s1nAddedOnRampEdge_2_00047|det_862575270s1nAddedOnRampEdge_3_00047|det_862575270s1nAddedOnRampEdge_4_00047,94.31,24.59,highway.motorway,2,1,23.7275,1116160,0.3609,307.6983
1159,878029078,35.05228964508159,-85.31375065350299,2,det_878029078_0_00103|det_878029078_1_00102,206.06,13.41,highway.primary,1,2,13.278,101656,0.3718,70.8569
1160,884685645,35.04849668983138,-85.29250807022628,1,det_884685645_0_00053,106.65,13.41,highway.secondary,2,4,13.18,65650,0.9616,90.9507
1161,89589635,35.02707182095718,-85.36357423884328,1,det_89589635_0_00013,26.1,22.22,highway.motorway_link,3,1,21.4253,131128,1.1783,181.1767
1162,919334587#1,35.01899682758009,-85.35358040279287,1,det_919334587s1_0_00222,444.1,27.78,highway.secondary,4,3,27.7921,753,0.0622,12.3611
1163,919334587#2,35.02007668914162,-85.35444332025018,1,det_919334587s2_0_00042,84.41,27.78,highway.secondary,3,3,27.7223,2562,0.0702,13.8813
1164,919334587#3,35.02061351103009,-85.35375422252164,1,det_919334587s3_0_00034,68.19,27.78,highway.secondary,3,3,27.7239,2823,0.0712,14.0653
1165,942698638#0,35.01392984182638,-85.32746668331312,1,det_942698638s0_0_00020,40.41,27.78,highway.primary,4,2,27.496,51060,0.3604,71.1236
1166,996941240,35.017741040400956,-85.38114206723134,1,det_996941240_0_00016,33.59,27.78,highway.primary,2,2,27.5456,7626,0.0935,18.3211
1167,996941241#0,35.017111737447095,-85.38313812061384,1,det_996941241s0_0_00169,338.61,27.78,highway.primary,3,3,27.3635,34725,0.2505,49.0351
1168,996941241#4,35.01410879551858,-85.38713992540328,1,det_996941241s4_0_00322,644.38,27.78,highway.primary,3,4,27.3692,29373,0.2155,42.1471
1169,996941241#5,35.00913918464183,-85.3915858493266,1,det_996941241s5_0_00361,722.83,27.78,highway.primary,4,1,27.726,1938,0.0667,13.1613
1170,996942871,35.01913005400845,-85.38485700182203,2,det_996942871_0_00054|det_996942871_1_00054,109.69,20.12,highway.primary,3,2,19.9511,25440,0.0804,22.8985
1171,996943159#0-AddedOffRampEdge,35.018195039763086,-85.38185874967667,3,det_996943159s0nAddedOffRampEdge_0_00047|det_996943159s0nAddedOffRampEdge_1_00047|det_996943159s0nAddedOffRampEdge_2_00047,94.36,20.12,highway.primary,1,2,19.8356,90435,0.1021,43.4163
1172,996943159#1,35.01806559057756,-85.38111450327905,2,det_996943159s1_0_00018|det_996943159s1_1_00018,37.52,20.12,highway.primary,1,3,20.1037,6552,0.0507,14.5108
1173,996943338#0,35.01906010434198,-85.38514636159239,3,det_996943338s0_0_00032|det_996943338s0_1_00032|det_996943338s0_2_00032,65.45,20.12,highway.primary,2,2,20.0536,38916,0.0548,23.4507
1174,996943338#1,35.01893345190403,-85.384537963844,2,det_996943338s1_0_00021|det_996943338s1_1_00021,42.53,20.12,highway.primary,1,3,19.9984,25420,0.0814,23.2575
1175,998933409#0,35.02373733165795,-85.29578439003392,2,det_998933409s0_0_00086|det_998933409s0_1_00086,172.1,17.88,highway.primary,4,3,17.5597,121870,0.3356,84.5432
1176,998933409#12,35.02237282327906,-85.29211370806314,2,det_998933409s12_0_00027|det_998933409s12_1_00027,55.41,17.88,highway.primary,3,4,17.6692,121114,0.3311,84.0039
1177,998933409#7,35.02314899178757,-85.29426435463476,2,det_998933409s7_0_00051|det_998933409s7_1_00051,103.7,17.88,highway.primary,3,3,17.7053,121862,0.3324,84.5529
1178,998933409#8,35.02273143378371,-85.29305944742067,2,det_998933409s8_0_00052|det_998933409s8_1_00052,105.83,17.88,highway.primary,3,3,17.6324,121464,0.3329,84.2334
1179,998959427#0,35.03870752115734,-85.31064245812996,2,det_998959427s0_0_00126|det_998959427s0_1_00126,252.86,13.41,highway.primary,4,4,13.3481,8032,0.077,14.6659
1180,998959428,35.05201093806453,-85.29508821501821,2,det_998959428_0_00025|det_998959428_1_00025,51.2,17.88,highway.primary,1,1,17.7851,34960,0.1098,27.9483
1181,998959428-AddedOnRampEdge,35.05170027679995,-85.29588837342746,3,det_998959428nAddedOnRampEdge_0_00047|det_998959428nAddedOnRampEdge_1_00047|det_998959428nAddedOnRampEdge_2_00047,94.5,17.88,highway.primary,2,1,17.7922,52464,0.0728,27.8519
1182,998959430#0,35.056034444136515,-85.28011849662036,2,det_998959430s0_0_00343|det_998959430s0_1_00343,686.83,22.35,highway.primary,2,2,22.1469,35252,0.0877,27.7577
